17,2023,2024,一名,一定,一审,一审判决,一案,一点,一直,一种,一起,上诉,下达,不可,不同,不断,不满,不能,严格,严重,个人,个案,中国,中新网,中级,主动,主张,主要,主观,之,之后,之外,予以,事件,事实,事实清楚,交代,产生,亲属,人,人民检察院,人民法院,人身,介绍,从轻,以下,以后,价值,会,传统,体现,体系,作出,作用,依法,侦查,便,保障,做,儿子,充分,先,全国,全面,公众,公共安全,共同,具体,具备,具有,内容,决定,准确,出,出版,分为,分享,刑,刑事,刑事责任,刑法,刑罚,判决,判处,判处死刑,制度,前,剥夺,办案,加强,动机,包括,北京,十分,危害,危害性,危险,危险性,历史,原则,发展,发现,发生,取得,古代,可能,号,司法,各级,合法,名,后果,命令,回来,国家,地方,均,坚持,基本,基础,处罚,复核,大字体,始终,存在,学习,官吏,定罪,实施,实践,审判程序,审查,审核,审理,宣判,对此,对象,导致,小字体,属于,岁,工作,巨大,已经,年,应,应当,废除,建立,当时,形式,形成,影响,得到,心理,必须,思想,性质,恶劣,恶性,情况,情节,惩处,想,意义,意思,意见,成为,成立,我国,手段,执行,报,指,指出,指导,掌握,接受,提供,提出,改革,政治权利,政策,故意,故意杀人罪,文化,文章,新,方式,方面,日,日报,时,时期,时间,明显,明确,是否,最后,最终,最高,最高人民法院,有人,有期徒刑,期间,未,机关,杀,杀人,杀害,条件,来源,极其,极大,构成,标准,核准,案件,案例,欲,武卓立,死,死亡,死刑,死缓,残忍,母亲,毫无,没有,法,法学,法官,法定,法律,法治,法院,涉及,父亲,特别,特定,特殊,犯罪,犯罪行为,现在,理念,理论,生命,生活,监督,目的,直接,相关,研究,确实,确立,社会,积极,称,程序,程度,立即,立法,符合,第二,精神,终身,结合,统一,统治者,维护,编辑,网,罪,罪犯,罪行,背后,能够,行为,行刑,表明,表现,表示,被告人,被害人,裁决,裁定,西汉,要求,规定,规范,解释,认为,认定,认真,讯问,记者,记载,证据,证明,诉讼,说,过程,近年来,这一,这是,这种,进一步,进入,进步,进行,连续,适用,造成,遂,道,道德,部分,重大,重要,量刑,问题,限制,需要,非常,非法
0.0,0.0195329785618155,0.0,0.08226185853522934,0.04113092926761467,0.0,0.024538841891754024,0.046056467933984165,0.024538841891754024,0.06515905758732529,0.0195329785618155,0.0981553675670161,0.04907768378350805,0.0,0.021719685862441763,0.021719685862441763,0.0,0.0,0.195329785618155,0.0,0.018598981299628663,0.020565464633807335,0.024538841891754024,0.0,0.0,0.0195329785618155,0.024538841891754024,0.0195329785618155,0.018598981299628663,0.0,0.0,0.0,0.023028233966992082,0.0,0.0,0.06515905758732529,0.024538841891754024,0.024538841891754024,0.020565464633807335,0.0,0.0,0.046056467933984165,0.03247140135946627,0.0,0.024538841891754024,0.0,0.046056467933984165,0.023028233966992082,0.0,0.0976648928090775,0.0,0.0,0.0,0.037197962599257325,0.0,0.03111920260773762,0.09211293586796833,0.024538841891754024,0.0,0.08687874344976705,0.024538841891754024,0.04113092926761467,0.024538841891754024,0.07361652567526207,0.021719685862441763,0.0,0.0,0.04113092926761467,0.023028233966992082,0.024538841891754024,0.01696192576125012,0.04113092926761467,0.014927152575182817,0.020565464633807335,0.024538841891754024,0.0,0.0,0.0,0.0,0.01696192576125012,0.0,0.0,0.0,0.156263828494524,0.0,0.046678803911606434,0.0,0.06169639390142201,0.039065957123631,0.11514116983496042,0.0,0.0,0.04907768378350805,0.09211293586796833,0.023028233966992082,0.0,0.0,0.0,0.0,0.020565464633807335,0.021719685862441763,0.0,0.11514116983496042,0.023028233966992082,0.0,0.0,0.06908470190097625,0.0,0.0,0.024538841891754024,0.0,0.023028233966992082,0.021719685862441763,0.0,0.14723305135052414,0.0,0.024538841891754024,0.0,0.1611976377689446,0.0,0.0,0.0,0.0,0.023028233966992082,0.07361652567526207,0.021719685862441763,0.04907768378350805,0.0,0.0,0.05323892581348522,0.0,0.0,0.024538841891754024,0.024538841891754024,0.0,0.024538841891754024,0.0,0.0,0.0,0.023028233966992082,0.023028233966992082,0.12269420945877013,0.04907768378350805,0.0,0.078131914247262,0.4407338030895483,0.03549261720899015,0.0,0.0,0.0,0.10859842931220881,0.0,0.06169639390142201,0.01555960130386881,0.06908470190097625,0.0,0.0,0.0,0.0,0.0,0.0,0.05323892581348522,0.0,0.0,0.024538841891754024,0.0,0.023028233966992082,0.10859842931220881,0.03247140135946627,0.0,0.0,0.04907768378350805,0.05509172538619354,0.0,0.0,0.07361652567526207,0.0,0.0,0.024538841891754024,0.0,0.10647785162697045,0.0,0.04113092926761467,0.0,0.018598981299628663,0.09211293586796833,0.0,0.0,0.024538841891754024,0.0,0.0,0.13434437317664535,0.0,0.21106410883653076,0.0,0.12269420945877013,0.0,0.0,0.0,0.024538841891754024,0.06515905758732529,0.0,0.039065957123631,0.023028233966992082,0.0,0.117197871370893,0.020565464633807335,0.046056467933984165,0.020565464633807335,0.117197871370893,0.046056467933984165,0.12269420945877013,0.03050817742197352,0.0,0.04907768378350805,0.0,0.0,0.0,0.0709852344179803,0.0,0.0,0.0,0.0,0.037197962599257325,0.0227416811214463,0.04907768378350805,0.021719685862441763,0.024538841891754024,0.024538841891754024,0.08599834988754984,0.0,0.0,0.021719685862441763,0.0,0.07779800651934404,0.0,0.0585989356854465,0.0,0.23028233966992084,0.0848096288062506,0.0,0.0,0.02754586269309677,0.023028233966992082,0.023028233966992082,0.0,0.0,0.024538841891754024,0.023028233966992082,0.023028233966992082,0.0,0.043439371724883526,0.023028233966992082,0.021719685862441763,0.0,0.0,0.013243096687289922,0.0,0.021719685862441763,0.024538841891754024,0.0,0.04907768378350805,0.0,0.0,0.0,0.0,0.03549261720899015,0.0,0.0,0.0,0.0,0.01137084056072315,0.0,0.0,0.018598981299628663,0.0,0.04907768378350805,0.04907768378350805,0.0,0.0,0.0,0.0,0.07361652567526207,0.018598981299628663,0.19547717276197588,0.0,0.0,0.0,0.020565464633807335,0.0,0.0,0.023028233966992082,0.0716652915729582,0.0585989356854465,0.024538841891754024,0.023028233966992082,0.18508918170426603,0.0,0.2539287213036015,0.06908470190097625,0.021719685862441763,0.1785927074770645,0.0,0.024538841891754024,0.0,0.07361652567526207,0.0,0.0,0.0,0.0,0.0,0.0,0.0,0.0,0.0,0.0,0.0,0.020565464633807335,0.0,0.0,0.0,0.05088577728375036,0.024538841891754024,0.018598981299628663,0.020565464633807335,0.0
0.0,0.0,0.0,0.019710290975077704,0.05913087292523312,0.022070650977923056,0.0,0.0,0.0,0.0,0.0936036938427445,0.023518443297546616,0.04703688659509323,0.0,0.0,0.020816516225568654,0.18814754638037293,0.04703688659509323,0.07488295507419561,0.04414130195584611,0.19608137903112677,0.0,0.023518443297546616,0.014912586446079991,0.0,0.0,0.0,0.0,0.035651159823841226,0.04703688659509323,0.020816516225568654,0.03942058195015541,0.0,0.018720738768548902,0.0,0.06244954867670596,0.0,0.023518443297546616,0.03942058195015541,0.0,0.0,0.0,0.04668171475042857,0.03942058195015541,0.0,0.0,0.0,0.0,0.0,0.037441477537097805,0.0,0.019710290975077704,0.022070650977923056,0.035651159823841226,0.03942058195015541,0.08947551867647996,0.0,0.0,0.0,0.0,0.0,0.03942058195015541,0.0,0.0,0.020816516225568654,0.0,0.023518443297546616,0.019710290975077704,0.08828260391169222,0.023518443297546616,0.04876979414833847,0.07884116390031082,0.0,0.07884116390031082,0.0,0.0,0.0,0.0,0.0,0.06502639219778464,0.0,0.01625659804944616,0.01625659804944616,0.037441477537097805,0.0,0.04473775933823998,0.017008363903099746,0.0,0.0,0.022070650977923056,0.04703688659509323,0.023518443297546616,0.0,0.0,0.04414130195584611,0.020816516225568654,0.022070650977923056,0.0,0.04163303245113731,0.0,0.0,0.06621195293376916,0.0,0.0,0.022070650977923056,0.0,0.0,0.0,0.23173253885496795,0.0,0.0,0.0,0.020816516225568654,0.0,0.0,0.08504181951549873,0.0,0.020816516225568654,0.0,0.04414130195584611,0.06621195293376916,0.07488295507419561,0.14976591014839122,0.0,0.0,0.0,0.023518443297546616,0.0,0.0,0.05102509170929923,0.08326606490227462,0.0,0.0,0.023518443297546616,0.0,0.0,0.0,0.022070650977923056,0.0,0.0,0.0,0.0,0.0,0.0,0.018720738768548902,0.02640042316126167,0.0,0.11232443261129342,0.023518443297546616,0.0,0.0,0.0,0.0,0.059650345784319964,0.0,0.023518443297546616,0.05616221630564671,0.0,0.020816516225568654,0.023518443297546616,0.04703688659509323,0.017008363903099746,0.12489909735341193,0.08326606490227462,0.0,0.0,0.0,0.020816516225568654,0.09336342950085715,0.0,0.23652349170093248,0.0,0.02640042316126167,0.023518443297546616,0.0,0.0,0.0,0.023518443297546616,0.023518443297546616,0.0,0.017008363903099746,0.06621195293376916,0.0,0.28222131957055935,0.0,0.0,0.0,0.0,0.0,0.0,0.07884116390031082,0.014306436831121788,0.0,0.04668171475042857,0.0,0.0,0.023518443297546616,0.08326606490227462,0.04163303245113731,0.0,0.0,0.019710290975077704,0.14976591014839122,0.022070650977923056,0.0,0.018720738768548902,0.0,0.0,0.019710290975077704,0.0,0.0,0.023518443297546616,0.009746518654999292,0.08828260391169222,0.023518443297546616,0.0,0.012692409034536252,0.018720738768548902,0.23811709464339642,0.04414130195584611,0.0,0.0,0.0,0.035651159823841226,0.29424618709052575,0.04703688659509323,0.04163303245113731,0.0,0.0,0.0549481871620727,0.0,0.0,0.06244954867670596,0.022070650977923056,0.25351396958335987,0.06868523395259087,0.037441477537097805,0.04703688659509323,0.022070650977923056,0.01625659804944616,0.0,0.04703688659509323,0.079201269483785,0.04414130195584611,0.0,0.0,0.022070650977923056,0.0,0.0,0.0,0.0,0.020816516225568654,0.08828260391169222,0.020816516225568654,0.0,0.022070650977923056,0.12692409034536253,0.022070650977923056,0.0,0.023518443297546616,0.06621195293376916,0.0,0.0,0.0,0.0,0.06621195293376916,0.0,0.023518443297546616,0.022070650977923056,0.0,0.023518443297546616,0.01089800692927873,0.0,0.0,0.035651159823841226,0.0936036938427445,0.0,0.0,0.028612873662243576,0.0,0.020816516225568654,0.0,0.0,0.05347673973576184,0.04163303245113731,0.023518443297546616,0.0,0.0,0.05913087292523312,0.11379618634612311,0.04703688659509323,0.022070650977923056,0.0549481871620727,0.05616221630564671,0.0,0.0,0.0,0.0,0.037441477537097805,0.0,0.04163303245113731,0.07780285791738095,0.037441477537097805,0.04703688659509323,0.07055532989263984,0.0,0.020816516225568654,0.0,0.023518443297546616,0.04703688659509323,0.09336342950085715,0.0,0.22464886522258684,0.0,0.0,0.0,0.0,0.03942058195015541,0.0,0.05347673973576184,0.0,0.24384897074169237,0.0,0.017825579911920613,0.019710290975077704,0.0
0.06673415814791218,0.0,0.0,0.11919446113192825,0.059597230565964124,0.0,0.0,0.0,0.0,0.06294208028912457,0.16981548159260398,0.0,0.0,0.0,0.06294208028912457,0.0,0.0,0.0,0.05660516053086799,0.0,0.0,0.059597230565964124,0.07111179076598656,0.13527180099253663,0.0,0.0,0.0,0.11321032106173598,0.05389850395034886,0.0,0.0,0.17879169169789236,0.06673415814791218,0.0,0.07111179076598656,0.0,0.0,0.0,0.059597230565964124,0.0,0.0,0.0,0.0,0.0,0.0,0.0,0.0,0.0,0.13346831629582437,0.22642064212347196,0.0,0.0,0.0,0.0,0.059597230565964124,0.0,0.0,0.0,0.0,0.06294208028912457,0.0,0.0,0.0,0.0,0.0,0.0,0.0,0.0,0.0,0.0,0.0,0.0,0.043257809612240135,0.0,0.14222358153197312,0.0,0.0,0.0,0.0,0.0,0.0,0.0,0.09830887056878933,0.0,0.0,0.0,0.0,0.0,0.0,0.0,0.0,0.0,0.0,0.0,0.0,0.0,0.0,0.0,0.0,0.0,0.0,0.0,0.0,0.0,0.0,0.0,0.13346831629582437,0.0,0.0,0.0,0.0,0.0,0.0,0.0,0.0,0.0,0.0,0.0,0.0,0.06673415814791218,0.0,0.0,0.0,0.0,0.0,0.06294208028912457,0.0,0.0,0.0,0.0,0.0,0.0,0.0,0.0,0.0,0.0,0.0,0.0,0.0,0.0,0.0,0.14222358153197312,0.14222358153197312,0.06294208028912457,0.05660516053086799,0.119738879667239,0.0,0.0,0.14222358153197312,0.0,0.0,0.0,0.0,0.09018120066169108,0.0,0.14222358153197312,0.0,0.0,0.06294208028912457,0.0,0.0,0.0,0.0,0.0,0.0,0.16981548159260398,0.0,0.0,0.23524943735513876,0.0,0.0,0.0,0.119738879667239,0.0,0.0,0.0,0.0,0.0,0.0,0.0,0.0,0.0,0.0,0.0,0.0,0.0,0.0,0.0,0.14222358153197312,0.0,0.0,0.043257809612240135,0.0,0.0940997749420555,0.0,0.0,0.0,0.0,0.0,0.0,0.0,0.0,0.0,0.06673415814791218,0.0,0.0,0.0,0.0,0.0,0.05660516053086799,0.0,0.0,0.02947016460751023,0.0,0.0,0.0,0.0,0.0,0.0,0.13346831629582437,0.07111179076598656,0.0,0.0,0.0,0.4942781152964222,0.0,0.12588416057824914,0.0,0.07111179076598656,0.041536167370899074,0.0,0.0,0.06294208028912457,0.0,0.0,0.0,0.0,0.0,0.0,0.0,0.0,0.07111179076598656,0.0,0.0,0.06673415814791218,0.0,0.0,0.0,0.0,0.0,0.0,0.06294208028912457,0.0,0.0,0.0,0.0,0.0,0.0,0.0,0.0,0.0,0.0,0.0,0.0,0.0,0.0,0.10285504017820424,0.0,0.0,0.0,0.0,0.03295187435309481,0.0,0.0,0.0,0.0,0.07111179076598656,0.0,0.043257809612240135,0.18882624086737368,0.06294208028912457,0.0,0.0,0.0,0.0,0.07111179076598656,0.0,0.0,0.059597230565964124,0.0,0.0,0.0,0.041536167370899074,0.0,0.0,0.0,0.0,0.0,0.0,0.06673415814791218,0.0,0.14114966241308324,0.0,0.0,0.0,0.07111179076598656,0.06294208028912457,0.0,0.0,0.07111179076598656,0.04704988747102775,0.0,0.0,0.0,0.0,0.0,0.07111179076598656,0.0,0.0,0.0,0.0,0.19661774113757866,0.0,0.05389850395034886,0.0,0.0
0.0,0.0,0.0,0.0,0.09668633775183468,0.0,0.0,0.0,0.0,0.0,0.0,0.0,0.0,0.0,0.051056392854543914,0.051056392854543914,0.05768337349608812,0.0,0.04591610732252644,0.0,0.0,0.09668633775183468,0.0,0.0731518054047113,0.0,0.0,0.0,0.09183221464505288,0.0437205630846726,0.0,0.10211278570908783,0.0,0.05413239250380767,0.09183221464505288,0.0,0.0,0.0,0.0,0.0,0.16239717751142302,0.10826478500761534,0.0,0.0,0.09668633775183468,0.0,0.05768337349608812,0.0,0.0,0.0,0.0,0.0,0.0,0.0,0.0874411261693452,0.0,0.0731518054047113,0.0,0.0,0.0,0.10211278570908783,0.23073349398435247,0.0,0.11536674699217624,0.05768337349608812,0.0,0.0,0.0,0.04834316887591734,0.0,0.0,0.0,0.04834316887591734,0.0,0.0,0.0,0.0,0.05768337349608812,0.03369267220306879,0.0,0.0,0.0,0.0,0.0,0.0,0.0437205630846726,0.0,0.04171618823437313,0.0,0.0,0.0,0.0,0.0,0.11536674699217624,0.0,0.0,0.0,0.0,0.0,0.0,0.04834316887591734,0.10211278570908783,0.0,0.0,0.0,0.0,0.29005901325550404,0.0,0.0,0.0,0.0,0.05768337349608812,0.0,0.0,0.0,0.0,0.08343237646874627,0.0,0.0,0.0,0.0,0.0,0.13774832196757933,0.0,0.0,0.0,0.0,0.0,0.05768337349608812,0.0,0.0,0.0,0.0,0.0,0.0,0.0,0.0,0.0,0.0,0.0,0.0,0.0,0.0,0.0,0.0,0.0,0.0,0.0,0.0,0.0,0.0,0.051056392854543914,0.0,0.0,0.03657590270235565,0.0,0.0,0.13774832196757933,0.04834316887591734,0.0,0.0,0.0,0.08343237646874627,0.0,0.0,0.0,0.04591610732252644,0.21652957001523068,0.0,0.07633041448418539,0.0,0.09668633775183468,0.0,0.032375983614202346,0.05768337349608812,0.0,0.0,0.0,0.0,0.0,0.0,0.04171618823437313,0.0,0.0,0.0,0.0,0.0,0.0,0.05768337349608812,0.0,0.0,0.0,0.0,0.035089207592828936,0.0,0.051056392854543914,0.0,0.0,0.0,0.051056392854543914,0.0,0.0,0.0,0.0,0.0,0.0,0.0,0.0,0.05413239250380767,0.2417158443795867,0.18366442929010576,0.43305914003046136,0.0,0.02390515684860669,0.0,0.0,0.0,0.031130503054198868,0.0,0.0,0.0,0.0,0.0,0.10826478500761534,0.0,0.026729396844480727,0.0,0.0,0.0,0.0,0.06738534440613758,0.0,0.05768337349608812,0.051056392854543914,0.0,0.10972770810706697,0.06738534440613758,0.0,0.05768337349608812,0.16239717751142302,0.0,0.05768337349608812,0.0,0.0,0.0,0.0,0.05413239250380767,0.0,0.0,0.0,0.0,0.0,0.0,0.0,0.051056392854543914,0.0,0.05413239250380767,0.15565251527099436,0.0,0.10211278570908783,0.0,0.0,0.0,0.0,0.05768337349608812,0.0,0.10826478500761534,0.0,0.0,0.05413239250380767,0.0,0.0,0.026729396844480727,0.039872342110321674,0.0,0.0,0.0,0.0,0.0,0.17544603796414465,0.0,0.0,0.0,0.0,0.0,0.0,0.0,0.0,0.05768337349608812,0.0,0.119617026330965,0.0,0.10826478500761534,0.03369267220306879,0.0,0.0,0.0,0.0,0.09668633775183468,0.0,0.0,0.0,0.03816520724209269,0.0,0.0,0.0,0.0,0.0,0.0,0.05768337349608812,0.0,0.03816520724209269,0.0,0.0,0.0,0.0,0.0,0.0,0.0,0.0,0.0874411261693452,0.0,0.0,0.11536674699217624,0.0,0.0,0.05768337349608812
0.0,0.0635337472737365,0.0,0.0,0.0,0.14980510958830068,0.0,0.07490255479415034,0.0,0.0,0.0,0.0,0.0,0.0,0.0,0.0,0.0,0.0,0.0,0.0,0.06049579042438311,0.13378410552966263,0.0,0.0,0.0,0.127067494547473,0.0798160185456105,0.0,0.0,0.0,0.0,0.0,0.0,0.0635337472737365,0.0,0.07064631889510783,0.0,0.0798160185456105,0.0,0.0,0.0,0.0,0.105617778725737,0.0,0.0,0.159632037091221,0.0,0.0,0.0,0.0,0.0,0.0,0.0,0.06049579042438311,0.0,0.35426847045070115,0.0,0.0,0.0,0.0,0.0,0.0,0.0,0.0,0.0,0.0,0.0,0.0,0.0,0.0,0.05517103810771719,0.0,0.09710530692765197,0.0,0.0,0.0,0.0,0.046620278711571664,0.0,0.0,0.0,0.0,0.0,0.0635337472737365,0.06049579042438311,0.15182934447887192,0.0,0.0,0.127067494547473,0.07490255479415034,0.0,0.0,0.0,0.0,0.0,0.0,0.0,0.0,0.0,0.0,0.0,0.0,0.0,0.0,0.0,0.0,0.0,0.0,0.0,0.0,0.0,0.0,0.0,0.0,0.0,0.11544470622865728,0.0,0.0,0.0,0.0,0.0,0.127067494547473,0.0,0.0,0.0,0.0,0.0,0.0,0.0,0.0,0.0,0.0,0.0,0.0,0.0798160185456105,0.0798160185456105,0.0,0.0,0.0,0.0,0.0,0.0,0.0,0.14129263779021567,0.0,0.1791935493341978,0.05772235311432864,0.0635337472737365,0.0,0.0,0.0,0.0,0.06689205276483132,0.0506097814929573,0.0,0.0,0.0,0.0,0.0,0.0798160185456105,0.0,0.0,0.21193895668532348,0.07064631889510783,0.0,0.0,0.0,0.0,0.0,0.0,0.0,0.0,0.31358871133484617,0.0,0.0,0.0,0.0,0.0798160185456105,0.0,0.0635337472737365,0.0,0.0,0.13378410552966263,0.0,0.0,0.0,0.0,0.0,0.0,0.0,0.13378410552966263,0.048552653463825986,0.09710530692765197,0.0,0.0,0.0,0.0,0.0,0.0,0.0,0.0,0.0,0.0,0.0,0.0798160185456105,0.0,0.0,0.07490255479415034,0.0,0.0,0.0,0.0798160185456105,0.03307737267643533,0.0,0.0,0.0635337472737365,0.04307502593059377,0.0,0.0,0.0,0.0,0.0,0.0,0.0,0.1479410030966194,0.0798160185456105,0.0,0.0,0.0,0.0,0.0,0.0,0.0,0.07490255479415034,0.0,0.139860836134715,0.0,0.0,0.0,0.22068415243086875,0.0,0.0,0.04479838733354945,0.0,0.0,0.0,0.0,0.0,0.0,0.0,0.0,0.0,0.14980510958830068,0.0,0.0,0.0,0.04307502593059377,0.07490255479415034,0.0,0.0,0.0,0.0798160185456105,0.0,0.0,0.0,0.0,0.2886117655716432,0.0,0.0,0.0,0.0,0.03698525077415485,0.05517103810771719,0.0,0.0,0.0635337472737365,0.0,0.0,0.048552653463825986,0.0,0.0,0.0,0.0,0.18148737127314934,0.0,0.0,0.0,0.0,0.0,0.0,0.0,0.0,0.046620278711571664,0.0,0.0,0.0,0.06689205276483132,0.0,0.0,0.0,0.0,0.0,0.0,0.0,0.0,0.0,0.0,0.0,0.0,0.0,0.0,0.0,0.0,0.07064631889510783,0.0798160185456105,0.0,0.0,0.13378410552966263,0.0,0.0,0.0,0.0,0.0,0.0,0.0,0.159632037091221
0.0,0.0,0.0,0.05591717398507702,0.0,0.0,0.0,0.0,0.0,0.0,0.0,0.0,0.0,0.0,0.0,0.0,0.0,0.0,0.0,0.0,0.05057033681441272,0.0,0.0,0.0,0.0,0.0,0.0,0.05310986063948752,0.0,0.0,0.0,0.0,0.0,0.0,0.0,0.0,0.0,0.0,0.0,0.0,0.0,0.0,0.08828922816417764,0.05591717398507702,0.0,0.0,0.0,0.0,0.0,0.05310986063948752,0.0,0.0,0.0,0.0,0.0,0.04230631054241293,0.0,0.0,0.0,0.0,0.0,0.11183434797015404,0.0,0.0,0.0,0.0,0.0,0.0,0.0,0.0,0.04611920862486207,0.0,0.0,0.11183434797015404,0.0,0.0,0.0,0.0,0.0,0.04611920862486207,0.0,0.1383576258745862,0.04611920862486207,0.0,0.0,0.04230631054241293,0.0,0.0,0.0,0.0,0.0,0.06672072408215161,0.0,0.0,0.0,0.0,0.06261340495971894,0.0,0.05905548330159607,0.0,0.0,0.0,0.0,0.0,0.06261340495971894,0.0,0.0,0.0,0.05057033681441272,0.0,0.0,0.0,0.0,0.0,0.0,0.04825193320452149,0.0,0.05905548330159607,0.06261340495971894,0.0,0.0,0.0,0.05310986063948752,0.0,0.0,0.0,0.0,0.0,0.0,0.0,0.0,0.0,0.0,0.06672072408215161,0.0,0.0,0.06672072408215161,0.0,0.0,0.0,0.0,0.0,0.0,0.0,0.05310986063948752,0.0,0.0,0.0,0.06672072408215161,0.0,0.0,0.0,0.0,0.0,0.06261340495971894,0.0,0.10621972127897504,0.0,0.05905548330159607,0.0,0.0,0.0,0.05905548330159607,0.0,0.0,0.0,0.0,0.0,0.08828922816417764,0.0,0.22366869594030808,0.06672072408215161,0.03744838310744689,0.06672072408215161,0.0,0.06672072408215161,0.0,0.0,0.0,0.0,0.0,0.18784021487915684,0.0,0.06672072408215161,0.0,0.0,0.0,0.0,0.0,0.0,0.0,0.04058669242396596,0.0,0.0,0.0,0.0,0.0,0.05905548330159607,0.0,0.0,0.0,0.0,0.21243944255795008,0.0,0.0,0.0,0.05591717398507702,0.0,0.0,0.0,0.0,0.0,0.027650417747231947,0.06261340495971894,0.06672072408215161,0.0,0.10802331307609664,0.0,0.04825193320452149,0.18784021487915684,0.0,0.0,0.0,0.05057033681441272,0.5874255867752544,0.0,0.05905548330159607,0.0,0.0,0.0,0.13344144816430323,0.13344144816430323,0.0,0.0,0.0,0.0,0.05310986063948752,0.0,0.0,0.0,0.0,0.0,0.14979353242978757,0.0,0.0,0.0,0.06261340495971894,0.0,0.0,0.0,0.0,0.0,0.0,0.0,0.0,0.0,0.036007771025365544,0.0,0.0,0.0,0.0,0.06672072408215161,0.0,0.0,0.0,0.0,0.0,0.0,0.0,0.0,0.0,0.030917136146066018,0.0,0.0,0.0,0.05310986063948752,0.0,0.0,0.0,0.0,0.0,0.0,0.0,0.0,0.05905548330159607,0.0,0.0,0.0,0.0,0.04611920862486207,0.0,0.0,0.03897135949935008,0.0,0.0,0.0,0.0,0.0,0.0,0.0,0.0,0.0,0.10621972127897504,0.0,0.0,0.0,0.05905548330159607,0.13344144816430323,0.0,0.13344144816430323,0.0,0.0,0.37176902447641264,0.05905548330159607,0.0,0.0,0.0,0.0,0.05905548330159607,0.0,0.0,0.04611920862486207,0.0,0.0,0.0,0.0
0.0,0.0,0.0,0.0,0.0,0.0,0.0,0.0,0.0,0.0,0.0,0.0,0.0,0.0,0.0,0.0,0.0,0.0,0.0,0.0,0.0,0.0,0.0,0.0,0.0,0.0,0.0,0.0,0.0,0.0,0.0,0.0,0.0,0.0,0.0,0.0,0.0,0.0,0.0,0.0,0.0,0.0,0.0,0.0,0.0,0.0,0.0,0.0,0.0,0.0,0.0,0.0,0.0,0.0,0.0,0.0,0.0,0.0,0.0,0.0,0.0,0.0,0.0,0.0,0.0,0.0,0.0,0.0,0.0,0.0,0.0,0.0,0.0,0.0,0.0,0.0,0.0,0.0,0.0,0.0,0.0,0.0,0.0,0.0,0.0,0.0,0.0,0.0,0.0,0.0,0.0,0.0,0.0,0.0,0.0,0.0,0.0,0.0,0.0,0.0,0.0,0.0,0.0,0.0,0.0,0.0,0.0,0.0,0.0,0.0,0.0,0.0,0.0,0.0,0.0,0.0,0.0,0.0,0.0,0.0,0.0,0.0,0.0,0.0,0.0,0.0,0.0,0.0,0.0,0.0,0.0,0.0,0.0,0.0,0.0,0.0,0.0,0.0,0.0,0.0,0.0,0.0,0.0,0.0,0.0,0.0,0.0,0.0,0.0,0.0,0.0,0.0,0.0,0.0,0.0,0.0,0.0,0.0,0.0,0.0,0.0,0.0,0.0,0.0,0.0,0.0,0.0,0.0,0.0,0.0,0.0,0.0,0.0,0.0,0.0,0.0,0.0,0.0,0.0,0.0,0.0,0.0,0.0,0.0,0.0,0.0,0.0,0.0,0.0,0.0,0.0,0.0,0.0,0.0,0.0,0.0,0.0,0.0,0.0,0.0,0.0,0.0,0.0,0.0,0.0,0.0,0.0,0.0,0.0,0.0,0.0,0.0,0.0,0.0,0.0,0.0,0.0,0.0,0.0,0.0,0.0,0.0,0.0,0.0,0.0,0.0,0.0,0.0,0.0,0.0,0.0,0.0,0.0,0.0,0.0,0.0,0.0,0.0,0.0,0.0,0.0,0.0,0.0,0.0,0.0,0.0,0.0,0.0,0.0,0.0,0.0,0.0,0.0,0.0,0.0,0.0,0.0,0.0,0.0,0.0,0.0,0.0,0.0,0.0,0.0,0.0,0.0,0.0,0.0,0.0,0.0,0.0,0.0,0.0,0.0,0.0,0.0,0.0,0.0,0.0,0.0,0.0,0.0,0.0,0.0,0.0,0.0,0.0,0.0,0.0,0.0,0.0,0.0,0.0,0.0,0.0,0.0,0.0,0.0,0.0,0.0,0.0,0.0,0.0,0.0,0.0,0.0,0.0,0.0,0.0,0.0,0.0,0.0,0.0,0.0,0.0,0.0,0.0,0.0,0.0,0.0,0.0,0.0,0.0,0.0,0.0
0.0,0.029901477382032204,0.037564553889488775,0.0,0.0,0.03525208482326617,0.037564553889488775,0.03525208482326617,0.07512910777897755,0.03324893300350214,0.0,0.0,0.0,0.037564553889488775,0.0,0.0,0.0,0.0,0.0,0.0,0.11388678217194462,0.03148202787673657,0.037564553889488775,0.04763790273855998,0.037564553889488775,0.08970443214609662,0.0,0.0,0.028471695542986154,0.1878227694474439,0.0,0.03148202787673657,0.0,0.0,0.037564553889488775,0.0997467990105064,0.037564553889488775,0.0,0.0,0.211512508939597,0.0,0.0,0.07456181377358195,0.03148202787673657,0.1878227694474439,0.037564553889488775,0.03525208482326617,0.0,0.0,0.029901477382032204,0.0,0.0,0.0,0.028471695542986154,0.0,0.04763790273855998,0.03525208482326617,0.0,0.0,0.0,0.0,0.06296405575347314,0.0,0.0,0.0,0.037564553889488775,0.0,0.03148202787673657,0.03525208482326617,0.07512910777897755,0.05193131584111965,0.03148202787673657,0.04570157220952657,0.03148202787673657,0.037564553889488775,0.0,0.0,0.0,0.03525208482326617,0.05193131584111965,0.14100833929306467,0.05193131584111965,0.0,0.08970443214609662,0.0,0.0,0.0,0.0944460836302097,0.0,0.0,0.0,0.1502582155579551,0.0,0.07050416964653233,0.03525208482326617,0.0,0.03525208482326617,0.0,0.03324893300350214,0.0,0.03324893300350214,0.0,0.03525208482326617,0.0,0.03525208482326617,0.03148202787673657,0.0,0.0,0.11388678217194462,0.0,0.037564553889488775,0.0,0.03324893300350214,0.03525208482326617,0.0,0.027166406990749924,0.0,0.0,0.03525208482326617,0.0,0.0,0.05980295476406441,0.11960590952812881,0.03525208482326617,0.0,0.06649786600700427,0.0,0.0,0.03148202787673657,0.027166406990749924,0.0,0.037564553889488775,0.0,0.0,0.0,0.0,0.0,0.0,0.0,0.03525208482326617,0.03525208482326617,0.0,0.0,0.0,0.0,0.04216776195599542,0.027166406990749924,0.029901477382032204,0.0,0.0,0.0,0.0,0.0,0.07145685410783997,0.0,0.0,0.0,0.0,0.03324893300350214,0.07512910777897755,0.11269366166846632,0.027166406990749924,0.06649786600700427,0.03324893300350214,0.0,0.0,0.0,0.13299573201400855,0.0,0.0,0.06296405575347314,0.07512910777897755,0.12650328586798626,0.0,0.0,0.07512910777897755,0.037564553889488775,0.0,0.0,0.05980295476406441,0.05433281398149985,0.0,0.0,0.037564553889488775,0.05694339108597231,0.1057562544697985,0.0,0.0,0.0,0.0,0.15741013938368284,0.11425393052381644,0.0,0.09941575169810926,0.03324893300350214,0.11269366166846632,0.0,0.0,0.13299573201400855,0.07512910777897755,0.0,0.22037419513715595,0.11960590952812881,0.0,0.0,0.05980295476406441,0.06296405575347314,0.0,0.03148202787673657,0.05980295476406441,0.1057562544697985,0.0,0.015567511021820975,0.1057562544697985,0.0,0.029901477382032204,0.0,0.11960590952812881,0.027166406990749924,0.0,0.0,0.0,0.0,0.0,0.295914103576554,0.0,0.06649786600700427,0.037564553889488775,0.07512910777897755,0.1097066731663059,0.22538732333693265,0.037564553889488775,0.03324893300350214,0.0,0.04763790273855998,0.0,0.05980295476406441,0.07512910777897755,0.0,0.025965657920559826,0.0,0.037564553889488775,0.1897549288019794,0.0,0.0,0.0,0.0,0.0,0.0,0.0,0.0,0.0,0.0,0.0,0.03324893300350214,0.0,0.10136399699868917,0.03525208482326617,0.03324893300350214,0.0,0.0,0.0,0.0,0.0,0.0,0.07050416964653233,0.0,0.0,0.0,0.0,0.0,0.0,0.0,0.0,0.05694339108597231,0.029901477382032204,0.037564553889488775,0.037564553889488775,0.0,0.0,0.0,0.07512910777897755,0.1502582155579551,0.028471695542986154,0.0,0.0,0.07512910777897755,0.0,0.03148202787673657,0.05193131584111965,0.0,0.0,0.08776533853304472,0.05980295476406441,0.0,0.0,0.0,0.0,0.11960590952812881,0.03525208482326617,0.0,0.024853937924527315,0.0,0.0,0.0,0.07512910777897755,0.0,0.0,0.037564553889488775,0.0,0.1491236275471639,0.037564553889488775,0.0,0.03324893300350214,0.0,0.0,0.037564553889488775,0.0,0.0,0.0,0.0997467990105064,0.1038626316822393,0.0,0.0,0.03148202787673657,0.0
0.0,0.0,0.0,0.07136917360032267,0.0,0.0,0.0,0.0,0.0,0.0,0.0,0.0,0.0,0.0,0.07537471476880041,0.0,0.08515814731676392,0.0,0.0,0.2397474684326895,0.0,0.07136917360032267,0.0,0.10799424242349685,0.0,0.0,0.0,0.06778609492818967,0.0,0.0,0.0,0.0,0.0,0.06778609492818967,0.0,0.0,0.0,0.0,0.0,0.0,0.0,0.0,0.0,0.0,0.0,0.0,0.0,0.0,0.0,0.0,0.17031629463352785,0.14273834720064535,0.0,0.0,0.0,0.053997121211748426,0.0,0.0,0.0,0.15074942953760082,0.0,0.0,0.0,0.0,0.0,0.0,0.0,0.0,0.0,0.0,0.0,0.0,0.051802308504395676,0.0,0.0,0.0,0.0,0.04974059887740353,0.0,0.0,0.0,0.0,0.0,0.0,0.0,0.0,0.1847572231570775,0.0,0.0,0.0,0.08515814731676392,0.0,0.0,0.0,0.0,0.0,0.0,0.0,0.0,0.14273834720064535,0.0,0.0,0.0,0.0,0.0,0.14273834720064535,0.0,0.0,0.06454480600356897,0.0,0.0,0.0,0.0,0.0,0.08515814731676392,0.0,0.0,0.0,0.0,0.0,0.0,0.0,0.0,0.0,0.0,0.0,0.0,0.17031629463352785,0.14273834720064535,0.0,0.15074942953760082,0.0,0.0,0.0,0.0,0.0,0.0,0.0,0.08515814731676392,0.0,0.0,0.0,0.0,0.0,0.0,0.0,0.0,0.0,0.0,0.0,0.0,0.0,0.0,0.0,0.15983164562179297,0.0,0.0,0.14273834720064535,0.0,0.0,0.0,0.0,0.0,0.0,0.08515814731676392,0.0,0.07991582281089649,0.0,0.05634341654649175,0.0,0.0,0.0,0.0,0.0,0.0,0.0,0.0,0.0,0.0,0.06778609492818967,0.0,0.0,0.0,0.0,0.0,0.0,0.15074942953760082,0.0,0.0,0.0,0.07136917360032267,0.0,0.051802308504395676,0.1126868330929835,0.0,0.0,0.0,0.0,0.07537471476880041,0.0,0.0,0.0,0.0,0.07991582281089649,0.0,0.0,0.0,0.0,0.0,0.0,0.0,0.0,0.035291258904648695,0.0,0.0,0.0,0.045958060433379806,0.0,0.06158574105235917,0.0,0.0,0.0,0.0,0.0,0.03946069337163334,0.0,0.0,0.08515814731676392,0.0,0.09948119775480706,0.0,0.0,0.07537471476880041,0.0,0.1619913636352453,0.04974059887740353,0.0,0.0,0.0,0.0,0.0,0.0,0.04779676733591792,0.0,0.07991582281089649,0.0,0.0,0.0,0.0,0.0,0.0,0.0,0.0,0.0,0.0,0.0,0.09191612086675961,0.0,0.0,0.0,0.0,0.0,0.0,0.0,0.0,0.0,0.0,0.0,0.0,0.07991582281089649,0.0,0.03946069337163334,0.0,0.0,0.3227240300178449,0.0,0.0,0.08515814731676392,0.0,0.07537471476880041,0.0,0.0,0.0,0.0,0.0,0.0,0.0,0.08515814731676392,0.14273834720064535,0.0,0.0,0.0,0.0,0.0,0.0,0.0,0.0,0.2854766944012907,0.0,0.0,0.0,0.3380604992789505,0.0,0.0,0.0,0.0,0.0,0.0,0.0,0.0,0.05634341654649175,0.0,0.0,0.0,0.0,0.0,0.08515814731676392,0.0,0.0,0.0,0.0,0.29431832584526724,0.0,0.0,0.0,0.0
0.0,0.22219541157566716,0.0,0.15596023460502995,0.0,0.0,0.0,0.0,0.0,0.08235669271204912,0.0,0.0,0.0,0.0,0.0,0.0,0.0,0.0,0.0,0.0,0.0,0.0,0.0,0.0,0.0,0.1481302743837781,0.0,0.0,0.0,0.0,0.0,0.0,0.0,0.0,0.0,0.0,0.0,0.0930463669681062,0.0,0.0,0.0,0.0,0.12312504152353038,0.0,0.0930463669681062,0.0,0.0,0.0,0.08731844468341349,0.0,0.0,0.0,0.0,0.0,0.0,0.0,0.0,0.0,0.0,0.0,0.0930463669681062,0.0,0.0,0.0,0.0,0.0,0.0,0.0,0.0,0.0,0.0,0.0,0.05660076879040084,0.0,0.0,0.0,0.0,0.05434808250518589,0.0,0.0,0.0,0.0,0.06431622061990638,0.0,0.0,0.17699666257889346,0.0,0.0,0.0,0.26195533405024046,0.0,0.0,0.0,0.0,0.0,0.0,0.0,0.0,0.0,0.0,0.0,0.0,0.17463688936682698,0.0,0.0,0.0,0.43659222341706744,0.0,0.0,0.0,0.0,0.17463688936682698,0.0,0.0,0.0,0.0,0.0,0.0,0.0,0.0,0.0,0.0,0.0,0.0,0.1860927339362124,0.0,0.0,0.0,0.0,0.0672904430464579,0.0,0.0,0.0,0.0,0.0,0.0,0.0,0.0,0.0,0.0,0.0,0.0,0.2791391009043186,0.0,0.0,0.15667258014259997,0.0,0.0,0.0,0.0,0.0,0.0,0.0,0.0,0.08731844468341349,0.0,0.0,0.0,0.0,0.0,0.0,0.0,0.0,0.0,0.0,0.0,0.0,0.0,0.0,0.0930463669681062,0.0,0.0,0.15667258014259997,0.0,0.0,0.0,0.0930463669681062,0.0930463669681062,0.0,0.07406513719188905,0.0,0.0,0.0,0.0,0.0,0.0,0.0,0.0,0.0930463669681062,0.0,0.0,0.0,0.11320153758080168,0.12312504152353038,0.0,0.0,0.0930463669681062,0.0,0.0,0.0,0.16471338542409825,0.0,0.0,0.0,0.0,0.0,0.0,0.0,0.0,0.0,0.0,0.0,0.03856029669825809,0.0,0.0,0.0,0.05021516661606441,0.0,0.0,0.0,0.0,0.0,0.0,0.0,0.0,0.0930463669681062,0.0,0.1860927339362124,0.0,0.16304424751555766,0.0,0.0,0.0,0.0,0.0,0.10869616501037178,0.0,0.0,0.08731844468341349,0.0,0.0,0.0,0.15667258014259997,0.0,0.0,0.0,0.0,0.0,0.0,0.0,0.0,0.0,0.0,0.0,0.0,0.0,0.0,0.0,0.0,0.0,0.0,0.0930463669681062,0.0,0.0,0.1860927339362124,0.0,0.0,0.0,0.0,0.0,0.0,0.04311594688192704,0.0,0.12312504152353038,0.0,0.0,0.0,0.0,0.0,0.0,0.0,0.0,0.0,0.0,0.0,0.0,0.0,0.0,0.0,0.0,0.0,0.0,0.0,0.0,0.0,0.08731844468341349,0.07798011730251497,0.0,0.0,0.0,0.0,0.06156252076176519,0.0,0.0,0.0,0.0,0.0,0.0,0.0930463669681062,0.0,0.0,0.0,0.0,0.0,0.0,0.0,0.0,0.0,0.0,0.07052360689522717,0.0,0.0,0.0,0.0,0.0,0.0
0.0,0.0,0.0,0.0,0.0,0.0,0.0,0.0,0.031214511203504797,0.0,0.24846827769834373,0.0,0.0,0.0,0.0,0.0,0.0,0.0,0.0,0.0,0.0,0.0,0.0,0.098962565422635,0.0,0.0,0.0,0.07454048330950312,0.023658741219817897,0.0,0.055256835728471475,0.0,0.0,0.0,0.0,0.0,0.0,0.0,0.07848058955459228,0.0,0.029292949941584368,0.0,0.0,0.0,0.0,0.0,0.029292949941584368,0.029292949941584368,0.029292949941584368,0.0,0.31214511203504797,0.34008255473656657,0.11717179976633747,0.0,0.026160196518197426,0.0,0.0,0.0,0.0,0.0,0.0,0.0,0.031214511203504797,0.0,0.0,0.0,0.0,0.0,0.058585899883168736,0.0,0.0,0.0,0.01898800983965931,0.0,0.0,0.0,0.031214511203504797,0.018232295204267623,0.058585899883168736,0.0,0.0,0.04315266580575479,0.2589159948345287,0.0,0.0,0.0,0.1354446190735702,0.0,0.0,0.0,0.0,0.0,0.0,0.0,0.0,0.0,0.0,0.0,0.0,0.0,0.027628417864235737,0.0,0.0,0.0,0.0,0.15696117910918456,0.0,0.0,0.07097622365945369,0.0,0.0,0.0,0.0,0.0,0.0,0.0,0.0,0.027628417864235737,0.0,0.11717179976633747,0.08787884982475311,0.0,0.0,0.0,0.0,0.0,0.0,0.0,0.0,0.0,0.0,0.0,0.0,0.0,0.0,0.0,0.12485804481401919,0.0,0.0,0.0,0.0,0.0,0.0,0.0,0.0,0.0,0.0,0.024846827769834372,0.0,0.058585899883168736,0.0,0.0,0.07848058955459228,0.059377539253581,0.0,0.0,0.024846827769834372,0.1046407860727897,0.027628417864235737,0.0,0.0,0.0,0.0,0.0,0.0,0.0,0.0,0.0,0.041305083834015884,0.0,0.0,0.0,0.05255936548086298,0.0,0.0,0.06242902240700959,0.0,0.0,0.0,0.024846827769834372,0.045148206357856734,0.0,0.0,0.0,0.0,0.0,0.24865576077812165,0.0,0.0,0.0,0.026160196518197426,0.01898800983965931,0.01898800983965931,0.0,0.0,0.0,0.0,0.0,0.0,0.0,0.0,0.026160196518197426,0.0,0.0,0.0,0.0,0.0,0.0,0.026160196518197426,0.0,0.0,0.0,0.012935924878300968,0.0,0.0,0.024846827769834372,0.016845814962988075,0.0,0.0,0.0,0.031214511203504797,0.027628417864235737,0.029292949941584368,0.0,0.02892844182636273,0.0,0.0,0.0,0.0,0.0,0.2809306008315432,0.0,0.0,0.0,0.39585026169054,0.036464590408535245,0.0,0.0,0.0,0.0,0.0,0.0,0.0,0.0,0.0,0.2050506495910906,0.058585899883168736,0.0,0.0,0.0,0.029292949941584368,0.027628417864235737,0.0,0.0,0.0,0.08787884982475311,0.05053744488896422,0.0,0.0,0.0,0.0,0.0,0.0,0.0,0.031214511203504797,0.058585899883168736,0.0,0.12485804481401919,0.058585899883168736,0.0,0.031214511203504797,0.014464220913181365,0.021576332902877395,0.0,0.0,0.0,0.0,0.0,0.0,0.055256835728471475,0.0,0.0,0.031214511203504797,0.0,0.0,0.0,0.0,0.031214511203504797,0.05232039303639485,0.0,0.031214511203504797,0.058585899883168736,0.036464590408535245,0.0,0.0,0.0,0.0,0.026160196518197426,0.0,0.0,0.19339892504965017,0.12391525150204764,0.0,0.0,0.0,0.0,0.11051367145694295,0.031214511203504797,0.0,0.0,0.0,0.0,0.024846827769834372,0.0,0.0,0.09364353361051439,0.0,0.0,0.0,0.0,0.0,0.021576332902877395,0.0,0.0,0.026160196518197426,0.0
0.0,0.0,0.09713442074109838,0.0,0.0,0.182309676792524,0.0,0.091154838396262,0.0,0.0,0.0,0.0,0.0,0.0,0.0,0.0,0.0,0.09713442074109838,0.0,0.0,0.0,0.0,0.0,0.06159104273464568,0.09713442074109838,0.15463847612040843,0.0,0.0,0.0,0.0,0.0,0.0,0.0,0.0,0.0,0.0,0.0,0.0,0.08140622541553985,0.0,0.0,0.0,0.12853462178927702,0.0,0.0,0.0,0.0,0.0,0.0,0.0,0.0,0.0,0.0,0.0736221082838077,0.08140622541553985,0.06159104273464568,0.0,0.0,0.0,0.0,0.0,0.0,0.0,0.0,0.0,0.0,0.0,0.0,0.0,0.0,0.0,0.0,0.0,0.0,0.0,0.0,0.0,0.0,0.0,0.06714199638028541,0.0,0.0,0.0,0.07731923806020422,0.1472442165676154,0.06159104273464568,0.0,0.0,0.15463847612040843,0.0,0.0,0.0,0.0,0.0,0.0,0.0,0.0,0.0,0.0,0.0,0.0,0.0,0.0,0.182309676792524,0.0,0.0,0.0,0.0,0.0,0.0,0.0,0.091154838396262,0.0,0.0,0.0,0.0,0.0,0.17195017713006683,0.0,0.0,0.0,0.0,0.0,0.091154838396262,0.0,0.0,0.0,0.0,0.0,0.0,0.0,0.0,0.0,0.0,0.19426884148219675,0.19426884148219675,0.0,0.0,0.0,0.091154838396262,0.0,0.0,0.0,0.0,0.0,0.2725934895695818,0.07024689323947489,0.0,0.0,0.0,0.0,0.0,0.0,0.0,0.0,0.0,0.0,0.0,0.0,0.0,0.0,0.0,0.0,0.0,0.0,0.0,0.0,0.0,0.0,0.0,0.0,0.0,0.0,0.0,0.0,0.0,0.0,0.0,0.0,0.0,0.0,0.0,0.1628124508310797,0.0,0.0,0.0,0.0,0.0,0.0,0.08597508856503341,0.0,0.1181751221268199,0.0,0.0,0.0,0.0,0.0,0.0,0.0,0.0,0.0,0.0,0.0,0.0,0.0,0.0,0.0,0.0,0.0,0.0,0.0,0.0,0.04025446887866193,0.0,0.0,0.07731923806020422,0.0,0.0,0.0,0.0,0.0,0.0,0.091154838396262,0.1472442165676154,0.09002054914224644,0.0,0.0,0.0,0.0,0.0,0.0,0.0,0.0,0.0,0.0,0.0,0.15463847612040843,0.0,0.0,0.0,0.0,0.0,0.0,0.091154838396262,0.0,0.0,0.0,0.0,0.0,0.0,0.0,0.0,0.0,0.0,0.0,0.0,0.0,0.0,0.0,0.0,0.0,0.0,0.0,0.0,0.0,0.0,0.14049378647894978,0.0,0.0,0.0,0.0,0.04501027457112322,0.0,0.19280193268391554,0.0,0.0,0.0,0.0,0.05908756106340995,0.0,0.0,0.0,0.0,0.5889768662704616,0.0,0.0,0.0,0.0,0.0,0.0,0.0,0.0,0.056735901513921314,0.0,0.0,0.0,0.0,0.0,0.0,0.0,0.0,0.0,0.07731923806020422,0.0,0.0,0.0,0.0,0.0,0.0,0.0,0.0,0.0,0.0,0.08597508856503341,0.09713442074109838,0.0,0.0,0.0,0.0,0.0,0.0,0.0,0.0,0.0,0.0,0.0
0.0,0.0,0.0,0.0,0.04450084163696091,0.0,0.0,0.0,0.0,0.0,0.06340002532074428,0.0,0.0,0.0,0.0,0.023499208945179102,0.0,0.0,0.04226668354716285,0.024914968156357173,0.0,0.022250420818480453,0.0,0.0,0.0,0.0,0.0,0.0,0.0,0.0,0.0,0.0,0.0,0.021133341773581425,0.0,0.0,0.0,0.0,0.0,0.0,0.0,0.0,0.01756591347871104,0.0,0.0,0.0,0.0,0.0,0.0,0.06340002532074428,0.0,0.0,0.024914968156357173,0.040245641718348275,0.022250420818480453,0.0,0.0,0.0,0.0,0.023499208945179102,0.0,0.0,0.0,0.0,0.0,0.0,0.026549342220652847,0.0,0.0,0.0,0.07340655663266067,0.04450084163696091,0.016150154267532968,0.0,0.053098684441305694,0.0,0.026549342220652847,0.031014770129843876,0.049829936312714346,0.036703278316330336,0.0,0.5138458964286248,0.0,0.0,0.0,0.0,0.0,0.0,0.0,0.0,0.0,0.0,0.0,0.0,0.0,0.023499208945179102,0.024914968156357173,0.0,0.0,0.022250420818480453,0.023499208945179102,0.049829936312714346,0.0,0.0,0.024914968156357173,0.0,0.024914968156357173,0.0,0.08049128343669655,0.0,0.0,0.0,0.0,0.0,0.0,0.01920028754300671,0.026549342220652847,0.0,0.024914968156357173,0.024914968156357173,0.024914968156357173,0.021133341773581425,0.0,0.0,0.0,0.09399683578071641,0.026549342220652847,0.0,0.0,0.0,0.046998417890358204,0.0,0.0,0.0,0.0,0.0,0.026549342220652847,0.049829936312714346,0.0,0.0,0.024914968156357173,0.0,0.0,0.023499208945179102,0.021133341773581425,0.014901366140834316,0.0,0.0,0.0,0.024914968156357173,0.0,0.0,0.06675126245544137,0.0,0.09965987262542869,0.0,0.06340002532074428,0.0,0.0,0.0,0.0,0.0,0.0,0.0,0.0,0.06340002532074428,0.0,0.0704976268355373,0.01756591347871104,0.0,0.13350252491088274,0.0,0.0,0.0,0.0,0.0,0.026549342220652847,0.0,0.0,0.021133341773581425,0.01920028754300671,0.0,0.0,0.0,0.0,0.0,0.0,0.0,0.0,0.0,0.04450084163696091,0.0,0.016150154267532968,0.0,0.0,0.0,0.026549342220652847,0.0,0.0,0.026549342220652847,0.0,0.0,0.0,0.0,0.0,0.0,0.0,0.0,0.0,0.0,0.0,0.0,0.011002584480519035,0.0,0.0,0.0,0.01432812141514321,0.0,0.0,0.0,0.0,0.023499208945179102,0.0,0.0,0.012302468825334617,0.0,0.0,0.0,0.0,0.031014770129843876,0.13274671110326425,0.0,0.0,0.07474490446907152,0.18517862408549932,0.07753692532460969,0.0,0.026549342220652847,0.0,0.0,0.0,0.0,0.014901366140834316,0.0,0.0,0.12457484078178586,0.12457484078178586,0.0,0.0,0.0,0.0,0.023499208945179102,0.049829936312714346,0.0704976268355373,0.023499208945179102,0.0,0.07164060707571605,0.09965987262542869,0.0,0.0,0.0,0.0,0.6477891720652864,0.0,0.0,0.0,0.01920028754300671,0.0,0.049829936312714346,0.0,0.026549342220652847,0.012302468825334617,0.018351639158165168,0.0,0.0,0.0,0.026549342220652847,0.10619736888261139,0.016150154267532968,0.0,0.023499208945179102,0.0,0.0,0.0,0.0,0.0,0.0,0.0,0.0,0.036703278316330336,0.053098684441305694,0.12457484078178586,0.031014770129843876,0.0,0.053098684441305694,0.0,0.0,0.0,0.0,0.0,0.0,0.0,0.04226668354716285,0.026549342220652847,0.026549342220652847,0.0,0.0704976268355373,0.0,0.0,0.0,0.052697740436133116,0.0,0.06340002532074428,0.0,0.0,0.0,0.0,0.0,0.023499208945179102,0.0,0.0,0.1284614741071562,0.026549342220652847,0.060368462577522417,0.022250420818480453,0.0
0.0,0.0,0.0,0.0,0.042343656324095064,0.0,0.0,0.0,0.0,0.044720162174924596,0.0,0.0,0.0,0.0,0.13416048652477378,0.0,0.0,0.0,0.0804355987997252,0.0,0.0,0.0,0.0,0.1281469535228269,0.0,0.0,0.0,0.1206533981995878,0.07658945578453932,0.0,0.044720162174924596,0.042343656324095064,0.0,0.0,0.0,0.0,0.0,0.0,0.0,0.0,0.047414422295434536,0.0,0.0,0.0,0.0,0.0,0.0,0.047414422295434536,0.047414422295434536,0.0,0.0,0.08468731264819013,0.2370721114771727,0.0,0.0,0.0,0.0,0.05052471734325093,0.0,0.044720162174924596,0.10104943468650186,0.0,0.0,0.0,0.044720162174924596,0.0,0.0,0.0,0.0,0.0,0.03492408111453507,0.042343656324095064,0.0,0.0,0.0,0.05052471734325093,0.0,0.029511324259048462,0.2370721114771727,0.0,0.0,0.03492408111453507,0.4540130544889559,0.0,0.03829472789226966,0.0,0.10961730346730618,0.08468731264819013,0.0,0.0,0.0,0.0,0.0,0.0,0.0,0.0,0.0,0.0,0.0,0.08468731264819013,0.0,0.047414422295434536,0.0,0.09482884459086907,0.047414422295434536,0.042343656324095064,0.0,0.05052471734325093,0.0,0.0,0.0,0.0,0.0,0.0,0.0,0.0,0.05052471734325093,0.0,0.0,0.0,0.047414422295434536,0.0,0.0,0.0,0.0,0.044720162174924596,0.0,0.05052471734325093,0.042343656324095064,0.0,0.044720162174924596,0.0,0.0,0.0,0.0,0.0,0.0,0.0,0.0,0.0,0.0,0.0,0.0,0.044720162174924596,0.0,0.0,0.0,0.0402177993998626,0.2526235867162547,0.09482884459086907,0.0,0.0,0.0,0.032036738380706725,0.0,0.0,0.0402177993998626,0.21171828162047535,0.0,0.0,0.0,0.07307820231153746,0.0,0.0,0.10104943468650186,0.0402177993998626,0.047414422295434536,0.0,0.03342880610795234,0.0,0.0,0.0,0.0,0.0,0.09482884459086907,0.0,0.0,0.0,0.0,0.0,0.03653910115576873,0.28448653377260724,0.0,0.0,0.0,0.0,0.044720162174924596,0.05052471734325093,0.2526235867162547,0.044720162174924596,0.0,0.0,0.0307345459874424,0.03342880610795234,0.08944032434984919,0.0,0.0,0.0,0.0,0.0,0.044720162174924596,0.0,0.0,0.09482884459086907,0.0,0.0,0.042343656324095064,0.0,0.0,0.0804355987997252,0.0,0.0,0.02093846492705287,0.0,0.0,0.0,0.05453425388420715,0.0,0.0,0.047414422295434536,0.10104943468650186,0.044720162174924596,0.09482884459086907,0.0,0.04682441883932319,0.0,0.0,0.0,0.0,0.11804529703619385,0.0,0.0,0.0,0.09482884459086907,0.06407347676141345,0.08853397277714539,0.0,0.0,0.14224326688630362,0.03492408111453507,0.0,0.0,0.0,0.0,0.047414422295434536,0.047414422295434536,0.0,0.0,0.0,0.0,0.0,0.08944032434984919,0.0,0.0,0.0,0.0,0.0,0.0,0.044720162174924596,0.0,0.0,0.0,0.047414422295434536,0.0,0.0,0.0,0.07307820231153746,0.0,0.047414422295434536,0.047414422295434536,0.0,0.023412209419661593,0.03492408111453507,0.03342880610795234,0.0,0.0,0.0,0.0,0.0307345459874424,0.044720162174924596,0.0,0.0,0.0,0.0,0.0,0.0,0.0,0.10104943468650186,0.0,0.0,0.0,0.0,0.0,0.0,0.0,0.0,0.0,0.08468731264819013,0.0,0.0,0.0,0.0,0.0402177993998626,0.0,0.0,0.05052471734325093,0.08944032434984919,0.05052471734325093,0.0,0.10104943468650186,0.0,0.0,0.0,0.0,0.0,0.05052471734325093,0.05052471734325093,0.042343656324095064,0.0,0.07658945578453932,0.0,0.0,0.0,0.0,0.08468731264819013,0.0
0.0,0.0,0.0,0.0,0.055763794019826646,0.0,0.0,0.0,0.0,0.0,0.052964181092421875,0.0,0.0,0.0,0.0,0.0,0.0,0.06653771014185607,0.0,0.0,0.05043162314291415,0.0,0.0,0.08438052994078489,0.0,0.0,0.06653771014185607,0.0,0.0,0.0,0.0,0.055763794019826646,0.06244165733385551,0.052964181092421875,0.06653771014185607,0.0,0.0,0.0,0.0,0.0,0.0,0.0,0.0,0.0,0.0,0.0,0.18732497200156653,0.0,0.0,0.052964181092421875,0.06653771014185607,0.055763794019826646,0.0,0.0,0.0,0.0,0.0,0.0,0.12488331466771102,0.0,0.0,0.0,0.0,0.13307542028371214,0.0,0.0,0.0,0.0,0.0,0.0,0.045992704330883545,0.0,0.0,0.0,0.0,0.06653771014185607,0.0,0.03886446164776399,0.06244165733385551,0.0,0.12488331466771102,0.0,0.13797811299265061,0.0,0.0,0.042190264970392445,0.3849566310333863,0.0,0.0,0.0,0.0,0.0,0.13307542028371214,0.0,0.06244165733385551,0.0,0.0,0.0,0.0,0.055763794019826646,0.1766804850036081,0.0,0.0,0.0,0.0,0.055763794019826646,0.0,0.0,0.05043162314291415,0.13307542028371214,0.0,0.06244165733385551,0.0,0.0,0.06653771014185607,0.09623915775834657,0.0,0.0,0.0,0.0,0.0,0.0,0.0,0.0,0.0,0.0,0.0,0.13307542028371214,0.0,0.0,0.0588934950012027,0.0,0.0,0.0,0.06653771014185607,0.0,0.0,0.0,0.0,0.0,0.0,0.0,0.0,0.0,0.052964181092421875,0.037345662757143856,0.0,0.0,0.0,0.06244165733385551,0.0588934950012027,0.06653771014185607,0.11152758803965329,0.042190264970392445,0.0,0.13307542028371214,0.0,0.11152758803965329,0.0,0.0,0.0,0.0,0.0,0.0,0.0,0.052964181092421875,0.0,0.0,0.04402352607117273,0.0,0.11152758803965329,0.0,0.037345662757143856,0.0,0.06244165733385551,0.0,0.0,0.0,0.13307542028371214,0.0,0.0,0.0,0.0,0.0,0.0,0.0,0.1177869900024054,0.06653771014185607,0.0,0.0,0.0,0.0,0.04047536373851993,0.08804705214234546,0.1177869900024054,0.0,0.0,0.0588934950012027,0.0,0.06653771014185607,0.0588934950012027,0.055763794019826646,0.0,0.0,0.0,0.0,0.0,0.0,0.055763794019826646,0.0,0.0,0.0,0.027574573068200766,0.0,0.0,0.0,0.03590900225228542,0.0,0.14435873663751983,0.0,0.0,0.0588934950012027,0.0,0.0,0.2466586472617193,0.0,0.0,0.0,0.0,0.19432230823881994,0.0,0.0,0.0,0.0,0.16876105988156978,0.11659338494329197,0.0,0.0,0.0,0.045992704330883545,0.06653771014185607,0.06653771014185607,0.14938265102857542,0.0,0.0,0.06244165733385551,0.0,0.06653771014185607,0.0,0.12488331466771102,0.0,0.0,0.0,0.0,0.0,0.0,0.0,0.0,0.0,0.0,0.0,0.0,0.0,0.0,0.0,0.06244165733385551,0.0,0.0,0.0,0.06244165733385551,0.0,0.03083233090771491,0.045992704330883545,0.04402352607117273,0.0,0.052964181092421875,0.0,0.0,0.08095072747703987,0.1177869900024054,0.0588934950012027,0.0,0.0,0.0,0.0,0.06653771014185607,0.0,0.06653771014185607,0.055763794019826646,0.27595622598530123,0.06653771014185607,0.0,0.0,0.0,0.0,0.0,0.0,0.055763794019826646,0.0,0.0,0.0,0.0,0.052964181092421875,0.0,0.0,0.0,0.0,0.0,0.0,0.0,0.08804705214234546,0.0,0.0,0.0,0.0,0.06653771014185607,0.0,0.055763794019826646,0.0588934950012027,0.15129486942874246,0.0,0.0,0.0,0.0,0.0,0.0
0.0,0.0,0.0,0.0,0.0,0.0,0.0,0.0,0.0,0.0,0.0,0.0,0.0,0.03841505491486076,0.034001723831131675,0.0,0.07683010982972152,0.0,0.06115695658441727,0.0,0.0,0.0,0.0,0.024358237490511594,0.0,0.0,0.0,0.0,0.0,0.0,0.034001723831131675,0.06438962822632745,0.0,0.0,0.0,0.0,0.0,0.0,0.0,0.0,0.0,0.0,0.0,0.0,0.0,0.0,0.03605022911580567,0.0,0.0,0.0,0.0,0.0,0.0,0.0,0.0,0.0,0.0,0.03841505491486076,0.03605022911580567,0.0,0.0,0.0,0.03841505491486076,0.03841505491486076,0.034001723831131675,0.0,0.0,0.0,0.0,0.0,0.0,0.0,0.0,0.0,0.0,0.03841505491486076,0.0,0.02243810953596647,0.0,0.0,0.0,0.0,0.053107095473741546,0.06115695658441727,0.0,0.09743294996204638,0.41672224544151965,0.06438962822632745,0.030578478292208635,0.0,0.03841505491486076,0.0,0.0,0.0,0.03605022911580567,0.0,0.0,0.0,0.0,0.032194814113163724,0.034001723831131675,0.03605022911580567,0.0,0.0,0.0,0.0,0.0,0.0,0.029116324687914304,0.03841505491486076,0.0,0.0,0.0,0.03605022911580567,0.0,0.05556296605886928,0.15366021965944304,0.0,0.0,0.0,0.0,0.0,0.030578478292208635,0.0,0.0,0.0,0.0,0.07683010982972152,0.0,0.0,0.0,0.0,0.0,0.11524516474458227,0.0,0.0,0.0,0.03605022911580567,0.07683010982972152,0.0,0.0,0.0,0.0,0.0,0.030578478292208635,0.0215612422277376,0.02778148302943464,0.0,0.0,0.07210045823161133,0.10200517149339504,0.0,0.032194814113163724,0.024358237490511594,0.0,0.0,0.15289239146104316,0.032194814113163724,0.0,0.0,0.0,0.0,0.0,0.0,0.0,0.030578478292208635,0.07210045823161133,0.0,0.0,0.0,0.0,0.0,0.1940511800496384,0.03841505491486076,0.03605022911580567,0.0,0.0,0.07683010982972152,0.0,0.0,0.0,0.0,0.0,0.0,0.0,0.0,0.034001723831131675,0.03841505491486076,0.0,0.034001723831131675,0.0,0.0,0.02336815194570557,0.02541665723037955,0.1700086191556584,0.03841505491486076,0.0,0.06800344766226335,0.0,0.0,0.0,0.09658444233949116,0.0,0.0,0.0,0.0,0.0,0.0,0.06438962822632745,0.030578478292208635,0.0,0.0,0.015919975851444657,0.0,0.0,0.0,0.020731796909128252,0.030578478292208635,0.30559631332378107,0.0,0.0,0.034001723831131675,0.03605022911580567,0.0,0.5696261839839684,0.0,0.0,0.0,0.0,0.04487621907193294,0.0,0.0,0.0,0.0,0.04871647498102319,0.0673143286078994,0.0,0.0,0.0,0.0,0.0,0.0,0.0215612422277376,0.0,0.0,0.0,0.0,0.07683010982972152,0.0,0.0,0.03605022911580567,0.0,0.0,0.0,0.0,0.03605022911580567,0.0,0.03605022911580567,0.0,0.11524516474458227,0.0,0.0,0.03605022911580567,0.0,0.0,0.0,0.0,0.0,0.07210045823161133,0.216301374694834,0.03841505491486076,0.01780081824949901,0.026553547736870773,0.0,0.0,0.030578478292208635,0.0,0.0,0.0,0.06800344766226335,0.0,0.0,0.0,0.0,0.0,0.03841505491486076,0.0,0.0,0.06438962822632745,0.07966064321061231,0.0,0.0,0.0,0.030578478292208635,0.0,0.0,0.0,0.032194814113163724,0.0,0.0,0.0,0.0508333144607591,0.0,0.0,0.07683010982972152,0.0,0.034001723831131675,0.0,0.0,0.0,0.1016666289215182,0.03841505491486076,0.09173543487662592,0.0,0.0,0.0,0.0,0.0,0.0,0.029116324687914304,0.0,0.0,0.0,0.029116324687914304,0.032194814113163724,0.0
0.0,0.0,0.0,0.0,0.0,0.0,0.0,0.0,0.0,0.0,0.04505706215163431,0.0,0.0,0.0,0.0,0.0,0.0,0.0,0.0,0.0,0.0,0.0,0.0,0.0,0.0,0.0,0.05660417435809257,0.0,0.0,0.0,0.0,0.0,0.0,0.04505706215163431,0.0,0.20040471200456852,0.0,0.0,0.04743871577241774,0.0,0.053119628724801096,0.053119628724801096,0.037451173782175835,0.04743871577241774,0.0,0.11320834871618514,0.053119628724801096,0.0,0.0,0.0,0.0,0.04743871577241774,0.0,0.0,0.0,0.0,0.0,0.05660417435809257,0.0,0.0,0.11320834871618514,0.0,0.0,0.0,0.0,0.0,0.0,0.18975486308967096,0.0,0.05660417435809257,0.0782527396748466,0.0,0.0,0.0,0.0,0.0,0.0,0.033062315471231944,0.0,0.0391263698374233,0.10623925744960219,0.0782527396748466,0.11737910951226987,0.0,0.0858051887706125,0.035891603565959475,0.0,0.0,0.0,0.0,0.0,0.0,0.0,0.0,0.0,0.05010117800114213,0.0,0.053119628724801096,0.05010117800114213,0.0,0.0,0.0,0.053119628724801096,0.0,0.0,0.0,0.0,0.0,0.04290259438530625,0.0,0.0,0.0,0.0,0.0,0.0,0.0,0.0,0.0,0.0,0.0,0.0,0.18022824860653724,0.0,0.0,0.0,0.05010117800114213,0.0,0.0,0.04743871577241774,0.0409357194154673,0.10020235600228426,0.0,0.0,0.0,0.0,0.0,0.0,0.0,0.05660417435809257,0.0,0.053119628724801096,0.0,0.0,0.0,0.04505706215163431,0.0,0.0409357194154673,0.13517118645490295,0.0,0.0,0.0,0.05660417435809257,0.0,0.0,0.0,0.0,0.0,0.0,0.05010117800114213,0.0,0.0,0.0409357194154673,0.05010117800114213,0.0,0.0,0.0,0.0,0.0,0.0,0.05660417435809257,0.0,0.0,0.15885130414896234,0.0,0.053119628724801096,0.0,0.0,0.0,0.0,0.13517118645490295,0.0,0.0,0.0,0.0,0.04290259438530625,0.053119628724801096,0.0,0.0,0.0,0.05010117800114213,0.0,0.0,0.06886544611703375,0.0,0.0,0.0,0.0,0.0,0.20040471200456852,0.0,0.1503035340034264,0.0,0.0,0.0,0.11320834871618514,0.22528531075817154,0.04743871577241774,0.0,0.0,0.0,0.053119628724801096,0.11320834871618514,0.023457914894798034,0.0,0.0,0.3604564972130745,0.030548081985088935,0.0,0.0,0.0,0.0,0.0,0.0,0.04290259438530625,0.0,0.0,0.0,0.0,0.0,0.09918694641369583,0.0,0.0,0.0,0.053119628724801096,0.17945801782979737,0.06612463094246389,0.13517118645490295,0.0,0.053119628724801096,0.0,0.0,0.05660417435809257,0.09531078248937741,0.053119628724801096,0.0,0.0,0.0,0.0,0.053119628724801096,0.0,0.0,0.0,0.10623925744960219,0.0,0.05010117800114213,0.0,0.06109616397017787,0.0,0.0,0.05660417435809257,0.053119628724801096,0.05660417435809257,0.0,0.11320834871618514,0.0,0.0,0.0,0.0,0.0,0.0,0.0,0.02622931614036482,0.0,0.07490234756435167,0.12870778315591874,0.13517118645490295,0.05660417435809257,0.0,0.10329816917555064,0.0,0.05010117800114213,0.22641669743237028,0.0,0.0,0.0,0.0,0.0,0.0,0.0,0.3130109586993864,0.0,0.0,0.0,0.04505706215163431,0.0,0.0,0.04743871577241774,0.0,0.04505706215163431,0.053119628724801096,0.0,0.0,0.04505706215163431,0.0,0.05660417435809257,0.0,0.0,0.0,0.0,0.0,0.11235352134652751,0.0,0.04505706215163431,0.0,0.0,0.0,0.0,0.0,0.05010117800114213,0.0858051887706125,0.05010117800114213,0.0,0.0,0.04290259438530625,0.0,0.05660417435809257
0.04421760198223245,0.11251858993770497,0.0,0.0,0.0,0.0,0.0,0.0,0.0,0.0,0.0,0.04711819175668377,0.09423638351336754,0.0,0.0,0.0,0.0,0.04711819175668377,0.0,0.0,0.035712784296041515,0.0,0.0,0.0,0.09423638351336754,0.30004957316721326,0.0,0.0,0.0,0.0,0.0,0.0,0.0,0.0,0.09423638351336754,0.0,0.0,0.0,0.0,0.0,0.0,0.0,0.24939949857661525,0.0,0.0,0.0,0.0,0.0,0.0,0.0,0.0,0.0,0.0,0.0,0.0,0.1493836345511481,0.04421760198223245,0.0,0.0,0.0,0.0,0.0,0.0,0.0,0.0,0.09423638351336754,0.04711819175668377,0.0,0.0,0.0,0.0,0.0,0.08598699651613415,0.0,0.0,0.0,0.0,0.0,0.0,0.0,0.0,0.03256939647383212,0.0,0.11251858993770497,0.14285113718416606,0.029876726910229617,0.0,0.0,0.18753098322950829,0.0,0.0,0.04711819175668377,0.0,0.0,0.0,0.0,0.0,0.22108800991116226,0.0,0.0,0.0,0.0,0.0,0.1768704079289298,0.0,0.0,0.0,0.09423638351336754,0.0,0.0,0.0,0.04421760198223245,0.041704996832200254,0.04421760198223245,0.0,0.0,0.0,0.08340999366440051,0.0,0.0,0.0,0.0,0.0,0.04421760198223245,0.0,0.0,0.0,0.0,0.0,0.06815105419305643,0.0,0.0,0.0,0.0,0.0,0.04711819175668377,0.0,0.0,0.0,0.04421760198223245,0.0,0.04711819175668377,0.04711819175668377,0.0,0.0,0.290906630969418,0.03407552709652822,0.0,0.0,0.0,0.0,0.0,0.0,0.029876726910229617,0.0,0.0,0.0,0.0,0.041704996832200254,0.0,0.0,0.03407552709652822,0.0,0.041704996832200254,0.0,0.0,0.0,0.0,0.0,0.0,0.0,0.0,0.23801451624770562,0.0,0.0,0.0,0.0,0.0,0.0,0.0,0.06815105419305643,0.0,0.1974436101050587,0.0,0.07142556859208303,0.0,0.0,0.0,0.0,0.0,0.0,0.2579609895484024,0.0,0.0,0.0,0.0,0.0,0.0,0.0,0.0,0.0,0.0,0.11251858993770497,0.0,0.09423638351336754,0.03750619664590166,0.0,0.0,0.0,0.0,0.0,0.0,0.03905346362735316,0.0,0.0,0.07501239329180331,0.0,0.07501239329180331,0.03407552709652822,0.0,0.04711819175668377,0.0,0.0,0.07142556859208303,0.24017058065415797,0.0,0.0,0.0,0.0,0.0,0.0,0.0,0.0,0.0,0.0,0.0,0.03750619664590166,0.0,0.0,0.03256939647383212,0.04711819175668377,0.0,0.0,0.0,0.0,0.0,0.0,0.0,0.04421760198223245,0.0,0.0,0.0,0.0,0.0,0.0,0.0,0.025428696754173818,0.0,0.041704996832200254,0.0,0.1768704079289298,0.0,0.0,0.0,0.0,0.0,0.1703776354826411,0.0,0.0,0.0,0.0,0.021833689150377998,0.0,0.12469974928830763,0.2857022743683321,0.0,0.0,0.0,0.05732466434408943,0.0,0.0,0.0,0.0,0.07142556859208303,0.08340999366440051,0.0,0.04711819175668377,0.0,0.0,0.03256939647383212,0.0,0.0,0.0,0.0,0.0,0.0,0.07897744404202348,0.0,0.0,0.0,0.0,0.0,0.0,0.0,0.0,0.0,0.0,0.0,0.0,0.0,0.031174937322076907,0.0,0.0,0.0,0.04711819175668377,0.0,0.0,0.07897744404202348,0.0,0.0,0.0,0.03256939647383212,0.0,0.035712784296041515,0.0,0.0
0.0,0.0,0.0,0.0,0.0,0.0,0.0,0.0,0.1460405056297377,0.12926257561225646,0.0,0.0,0.0,0.0,0.0,0.06463128780612823,0.0,0.07302025281486885,0.2324972040820676,0.0,0.0,0.0,0.0,0.0,0.0,0.0,0.0,0.0,0.0,0.0,0.06463128780612823,0.12239334141685654,0.06852513552054666,0.0581243010205169,0.0,0.0,0.0,0.0,0.0,0.0,0.06852513552054666,0.0,0.0,0.0,0.0,0.0,0.0,0.0,0.0,0.0,0.0,0.0,0.0,0.0,0.0,0.0,0.0,0.0,0.0,0.0,0.0,0.0,0.07302025281486885,0.0,0.0,0.0,0.0,0.0,0.0,0.0,0.05047361700185716,0.0,0.0,0.0,0.0,0.0,0.1460405056297377,0.04265089389134692,0.0,0.0,0.0,0.0,0.15142085100557148,0.0,0.0,0.0,0.3696539398978135,0.0,0.0,0.0,0.0,0.0,0.07302025281486885,0.0,0.0,0.0,0.0,0.0,0.0,0.0,0.0,0.0,0.0,0.0,0.0,0.0,0.0,0.0,0.0,0.0,0.0,0.0,0.06463128780612823,0.0,0.07302025281486885,0.21123082279875055,0.0,0.0,0.0,0.0,0.0,0.0,0.0,0.0,0.0,0.0,0.07302025281486885,0.0,0.0,0.0,0.0,0.0,0.0,0.0,0.0,0.0,0.07302025281486885,0.0,0.0,0.0,0.0,0.0,0.0,0.0,0.0,0.0,0.0,0.0,0.0,0.0,0.0,0.0,0.0,0.0,0.0,0.0,0.0,0.0,0.0,0.0,0.0,0.0,0.0,0.0,0.07302025281486885,0.0581243010205169,0.13705027104109332,0.0,0.0,0.07302025281486885,0.0,0.0,0.0,0.0,0.0,0.0,0.0,0.0,0.07302025281486885,0.0,0.0,0.0,0.0,0.0,0.0,0.0,0.06463128780612823,0.0,0.0,0.1938938634183847,0.0,0.0,0.04441874069094703,0.0,0.06463128780612823,0.0,0.0,0.0,0.0,0.0,0.0,0.0,0.0,0.0,0.0,0.0,0.0,0.0,0.0,0.0,0.0,0.0,0.030261069886675953,0.0,0.0,0.0,0.03940749414431883,0.0,0.0,0.0,0.0,0.0,0.0,0.0,0.0,0.0,0.0,0.0,0.0,0.2132544694567346,0.0,0.07302025281486885,0.0,0.0,0.09260143782815261,0.08530178778269384,0.0,0.0,0.0,0.0,0.0,0.0,0.040984123593247046,0.0,0.06852513552054666,0.0,0.06852513552054666,0.0,0.06852513552054666,0.0,0.0,0.0,0.0,0.06463128780612823,0.0,0.0,0.03940749414431883,0.0,0.0,0.0,0.0,0.0,0.0,0.07302025281486885,0.07302025281486885,0.0,0.0,0.0,0.0,0.06852513552054666,0.0,0.03383621998642822,0.05047361700185716,0.0,0.0,0.0,0.0,0.07302025281486885,0.08883748138189405,0.0,0.12926257561225646,0.07302025281486885,0.0,0.0,0.0,0.0,0.0,0.0,0.0,0.10094723400371432,0.0,0.13705027104109332,0.12795268167404075,0.0,0.0,0.0,0.0,0.42837669495899783,0.0,0.0,0.0,0.2415629420268273,0.0,0.0,0.0,0.0,0.0,0.0,0.0,0.0,0.0,0.0,0.2324972040820676,0.0,0.07302025281486885,0.1460405056297377,0.0,0.06119667070842827,0.0,0.0,0.0,0.0,0.0,0.05534500456821789,0.0,0.0
0.0,0.0,0.0,0.0,0.0,0.0,0.051737799832758495,0.04855282758419548,0.0,0.0,0.0,0.0,0.0,0.051737799832758495,0.0,0.0,0.0,0.0,0.0,0.04855282758419548,0.03921417220169487,0.0,0.0,0.0,0.0,0.12355024814455942,0.0,0.0,0.0,0.051737799832758495,0.0,0.0,0.0,0.0,0.0,0.0,0.051737799832758495,0.0,0.0,0.04855282758419548,0.0,0.04855282758419548,0.10269426352124043,0.04336031412505845,0.0,0.0,0.0,0.0,0.04855282758419548,0.0,0.0,0.0,0.0,0.03921417220169487,0.04336031412505845,0.19683558204291854,0.0,0.0,0.04855282758419548,0.0,0.0,0.0867206282501169,0.0,0.0,0.0,0.0,0.0,0.3035221988754091,0.0,0.0,0.0,0.0,0.0314724727195612,0.04336031412505845,0.0,0.0,0.0,0.03021988182420253,0.0,0.07152519452098234,0.0,0.0,0.0,0.0,0.0,0.09841779102145927,0.0,0.04336031412505845,0.20591708024093236,0.0,0.051737799832758495,0.0,0.0,0.04855282758419548,0.0,0.0,0.04855282758419548,0.0,0.04579387913000987,0.0,0.0,0.0,0.0,0.0,0.0,0.0,0.0,0.0,0.0,0.0,0.051737799832758495,0.0,0.04579387913000987,0.04855282758419548,0.0,0.0,0.0,0.0,0.04855282758419548,0.0,0.0,0.04118341604818647,0.12355024814455942,0.0,0.051737799832758495,0.0,0.0,0.0,0.04336031412505845,0.22449836053385888,0.0,0.051737799832758495,0.051737799832758495,0.0,0.0,0.0,0.0,0.04855282758419548,0.0,0.0,0.0,0.051737799832758495,0.0,0.04579387913000987,0.0,0.029038907714609763,0.03741639342230982,0.04118341604818647,0.0,0.0,0.0,0.0,0.0,0.0,0.0,0.0,0.0,0.0,0.0,0.0,0.051737799832758495,0.03741639342230982,0.04579387913000987,0.04579387913000987,0.0,0.0,0.0,0.09158775826001973,0.0,0.0,0.0,0.051737799832758495,0.17423344628765858,0.0,0.0,0.0,0.0,0.0,0.0,0.0,0.0,0.0,0.1734412565002338,0.0,0.15685668880677947,0.09710565516839097,0.0,0.0,0.0,0.0,0.0,0.0314724727195612,0.0314724727195612,0.0,0.0,0.0,0.0,0.04579387913000987,0.0,0.0,0.0,0.0,0.32946732838549175,0.0,0.0,0.04118341604818647,0.0,0.0,0.0,0.08236683209637294,0.04855282758419548,0.0,0.0214411908500425,0.04855282758419548,0.051737799832758495,0.12355024814455942,0.027921802039203632,0.12355024814455942,0.0,0.0,0.0,0.0,0.0,0.11764251660508461,0.16782030416073473,0.0,0.04579387913000987,0.0,0.0,0.0,0.0,0.0,0.0,0.0,0.0,0.06043976364840506,0.0,0.0,0.0,0.07152519452098234,0.0,0.0,0.058077815429219526,0.0,0.0,0.0,0.0,0.051737799832758495,0.0,0.04855282758419548,0.09710565516839097,0.0,0.0,0.0,0.04579387913000987,0.0,0.027921802039203632,0.0,0.0,0.0,0.0,0.0,0.0,0.0,0.0,0.0,0.14966557368923927,0.0,0.0,0.0,0.0,0.023974329165819246,0.03576259726049117,0.06846284234749361,0.07842834440338974,0.04118341604818647,0.0,0.0,0.09441741815868361,0.0,0.0,0.0,0.0,0.27449920541186407,0.32055715391006906,0.0,0.20695119933103398,0.0,0.0,0.0,0.0,0.0,0.03021988182420253,0.04118341604818647,0.051737799832758495,0.04855282758419548,0.04336031412505845,0.0,0.04118341604818647,0.0,0.04579387913000987,0.0,0.0,0.0,0.0,0.0,0.0,0.0,0.0,0.0,0.0,0.0,0.0,0.0,0.0,0.0,0.0,0.0,0.0,0.03921417220169487,0.04579387913000987,0.0,0.0,0.0,0.0,0.051737799832758495
0.05630328753698272,0.0,0.059996675074447704,0.0,0.0,0.0,0.059996675074447704,0.05630328753698272,0.0,0.0,0.0,0.0,0.0,0.059996675074447704,0.0,0.0,0.0,0.0,0.0,0.0,0.13642172389454044,0.0,0.0,0.0,0.0,0.1910300042975059,0.0,0.0,0.0,0.059996675074447704,0.0,0.0,0.0,0.04775750107437648,0.0,0.053103929727257734,0.059996675074447704,0.0,0.10056379227939097,0.05630328753698272,0.0,0.05630328753698272,0.15878305302016213,0.0,0.0,0.0,0.0,0.0,0.0,0.0,0.0,0.0,0.0,0.045473907964846814,0.0,0.2662990549773698,0.05630328753698272,0.0,0.05630328753698272,0.0,0.0,0.10056379227939097,0.0,0.0,0.0,0.11999335014889541,0.0,0.0,0.0,0.0,0.0,0.0,0.036496405445315544,0.050281896139695484,0.0,0.0,0.0,0.03504386418548287,0.0,0.08294272020038561,0.0,0.0,0.0,0.0,0.09094781592969363,0.03804272213962425,0.0,0.050281896139695484,0.14327250322312945,0.0,0.0,0.0,0.0,0.0,0.0,0.0,0.0,0.0,0.0,0.0,0.0,0.0,0.0,0.0,0.0,0.0,0.0,0.11999335014889541,0.0,0.0,0.059996675074447704,0.0,0.0,0.05630328753698272,0.0,0.0,0.0,0.0,0.0,0.0,0.0,0.0,0.14327250322312945,0.0,0.0,0.0,0.0,0.0,0.050281896139695484,0.04338915079250551,0.0,0.059996675074447704,0.059996675074447704,0.0,0.0,0.0,0.0,0.0,0.0,0.0,0.0,0.0,0.0,0.053103929727257734,0.0,0.10102311557325983,0.04338915079250551,0.0,0.0,0.0,0.0,0.0,0.0,0.03804272213962425,0.0,0.0,0.0,0.0,0.0,0.059996675074447704,0.059996675074447704,0.0,0.0,0.053103929727257734,0.0,0.04775750107437648,0.0,0.10620785945451547,0.0,0.0,0.0,0.059996675074447704,0.1683718592887664,0.0,0.0,0.0,0.0,0.0,0.0,0.0,0.0,0.0,0.10056379227939097,0.0,0.13642172389454044,0.16890986261094817,0.0,0.0,0.0,0.0,0.0,0.07299281089063109,0.0,0.0,0.0,0.0,0.0,0.0,0.0,0.0,0.0,0.0,0.3820600085950118,0.0,0.11999335014889541,0.04775750107437648,0.050281896139695484,0.0,0.0,0.09551500214875296,0.11260657507396545,0.0,0.024863835818250614,0.11260657507396545,0.0,0.14327250322312945,0.03237894324563965,0.09551500214875296,0.0,0.0,0.0,0.0,0.0,0.045473907964846814,0.19460936282898286,0.0,0.053103929727257734,0.059996675074447704,0.059996675074447704,0.0,0.0,0.0,0.0,0.0,0.0,0.0,0.0,0.0,0.0,0.041471360100192804,0.0,0.0,0.03367437185775328,0.0,0.0,0.0,0.0,0.059996675074447704,0.05630328753698272,0.05630328753698272,0.05630328753698272,0.0,0.0,0.0,0.053103929727257734,0.0,0.03237894324563965,0.0,0.0,0.0,0.0,0.0,0.0,0.0,0.0,0.0,0.08677830158501101,0.0,0.0,0.0,0.0,0.02780133754699755,0.0,0.03969576325504053,0.045473907964846814,0.04775750107437648,0.0,0.0,0.10948921633594665,0.0,0.0,0.0,0.0,0.3183173557539277,0.0,0.0,0.23998670029779082,0.0,0.0,0.0,0.0,0.0,0.07008772837096575,0.04775750107437648,0.059996675074447704,0.05630328753698272,0.0,0.0,0.04775750107437648,0.05630328753698272,0.053103929727257734,0.0,0.0,0.0,0.0,0.0,0.0,0.0,0.0,0.0,0.0,0.11999335014889541,0.0,0.053103929727257734,0.0,0.0,0.059996675074447704,0.0,0.0,0.0,0.053103929727257734,0.0,0.0,0.045473907964846814,0.0,0.059996675074447704
0.0934903312763092,0.1586004935658299,0.1992462349379817,0.0,0.0,0.0,0.09962311746899084,0.0,0.0,0.0,0.0,0.0,0.09962311746899084,0.09962311746899084,0.0,0.0,0.0,0.0,0.0,0.0,0.0,0.08349194750330241,0.0,0.0631690768172265,0.09962311746899084,0.0,0.0,0.0,0.0,0.0,0.0,0.0,0.0,0.0,0.0,0.0,0.09962311746899084,0.0,0.0,0.0,0.0,0.0934903312763092,0.0,0.0,0.0,0.0,0.0,0.0,0.0,0.0,0.0,0.0,0.0,0.0,0.0,0.3158453840861325,0.0,0.0,0.0934903312763092,0.0,0.0,0.16698389500660482,0.0,0.0,0.0,0.09962311746899084,0.09962311746899084,0.0,0.0,0.0,0.0,0.0,0.0,0.08349194750330241,0.0,0.0,0.0,0.0,0.0,0.0,0.0,0.0,0.0,0.0,0.07550839224564672,0.0,0.0,0.08349194750330241,0.07930024678291495,0.0,0.0,0.0,0.0,0.0,0.0,0.08817787023562543,0.0,0.0934903312763092,0.0,0.0,0.0,0.0,0.0,0.0,0.0,0.0,0.0,0.09962311746899084,0.0,0.0,0.09962311746899084,0.0,0.0,0.0934903312763092,0.0,0.0,0.0,0.0,0.0,0.0,0.0,0.0,0.1586004935658299,0.0934903312763092,0.0,0.0,0.0,0.0,0.08349194750330241,0.0,0.0,0.09962311746899084,0.09962311746899084,0.0,0.0,0.0,0.0,0.0,0.0,0.0934903312763092,0.0,0.0,0.0,0.0,0.0,0.22366212121699422,0.0,0.0,0.0,0.0,0.0,0.0,0.0,0.0,0.0,0.0,0.0,0.0,0.0,0.0,0.0,0.0,0.0,0.0,0.0,0.0,0.0,0.0,0.0,0.0,0.0,0.0,0.27957765152124275,0.0,0.0,0.0,0.0,0.0,0.0,0.0,0.0,0.0,0.08349194750330241,0.0,0.15101678449129344,0.0,0.0,0.0,0.0,0.0,0.0,0.24240581214628637,0.0,0.0,0.0,0.0,0.0,0.0,0.0,0.0,0.0,0.0,0.23790074034874484,0.0,0.0,0.07930024678291495,0.0,0.0,0.0,0.0,0.0,0.0,0.041285835146325146,0.0,0.0,0.0,0.0,0.1586004935658299,0.0,0.0,0.0,0.0,0.0,0.0,0.2769809406407442,0.0,0.0,0.0,0.0,0.0,0.0,0.0,0.0,0.0,0.0,0.0,0.0,0.0,0.0,0.0,0.0,0.0,0.0,0.0,0.0,0.0,0.0,0.0,0.0,0.0934903312763092,0.0,0.0,0.0,0.0,0.08817787023562543,0.0,0.0,0.0,0.0,0.0,0.0,0.0,0.0,0.0,0.0,0.0,0.072046700269937,0.0,0.0,0.0,0.0,0.0,0.0,0.06591391407725535,0.22652517673694017,0.0,0.0,0.0,0.0,0.0,0.0,0.0,0.0,0.0,0.0,0.0,0.1992462349379817,0.0,0.0,0.0,0.0,0.0,0.05818954123683761,0.07930024678291495,0.09962311746899084,0.0934903312763092,0.0,0.0,0.07930024678291495,0.0,0.0,0.0,0.0,0.0,0.0,0.0,0.0,0.0,0.0,0.0,0.0,0.09962311746899084,0.0,0.08817787023562543,0.0,0.0,0.0,0.0,0.0,0.0,0.08817787023562543,0.0,0.0,0.0,0.0,0.0
0.026215766742995358,0.022236703453094638,0.0,0.023412104661347386,0.0,0.026215766742995358,0.0,0.0,0.0,0.024726091419648766,0.0,0.02793547069651794,0.05587094139303588,0.0,0.0,0.0,0.0,0.0,0.022236703453094638,0.0,0.042346847448856764,0.0,0.0,0.0,0.0,0.06671011035928391,0.05587094139303588,0.0,0.021173423724428382,0.05587094139303588,0.0,0.0,0.0,0.0,0.02793547069651794,0.04945218283929753,0.0,0.02793547069651794,0.0,0.026215766742995358,0.026215766742995358,0.026215766742995358,0.05544906429286689,0.023412104661347386,0.02793547069651794,0.08380641208955382,0.0,0.026215766742995358,0.0,0.0,0.0,0.0,0.0,0.0,0.0,0.05314001225377225,0.026215766742995358,0.08380641208955382,0.026215766742995358,0.0,0.0,0.023412104661347386,0.0,0.0,0.0,0.02793547069651794,0.27935470696517944,0.0,0.026215766742995358,0.0,0.05792930841848042,0.0,0.016993346107609043,0.0,0.02793547069651794,0.0,0.0,0.016317018231952803,0.0,0.0,0.052431533485990715,0.09654884736413405,0.05792930841848042,0.06671011035928391,0.06352027117328515,0.0885666870896204,0.02020272538447821,0.0,0.06671011035928391,0.07864730022898607,0.0,0.05587094139303588,0.0,0.07864730022898607,0.0,0.24726091419648766,0.026215766742995358,0.26215766742995356,0.024726091419648766,0.0,0.0,0.0,0.07864730022898607,0.026215766742995358,0.0,0.0,0.026215766742995358,0.08380641208955382,0.0,0.0,0.0,0.026215766742995358,0.024726091419648766,0.0,0.02793547069651794,0.0,0.0,0.024726091419648766,0.0,0.0,0.0,0.11118351726547318,0.0,0.0,0.02793547069651794,0.0,0.02793547069651794,0.0,0.0,0.06060817615343463,0.0,0.0,0.02793547069651794,0.0,0.08380641208955382,0.11174188278607176,0.0,0.026215766742995358,0.02793547069651794,0.0,0.0,0.0,0.0,0.0,0.06671011035928391,0.04703807804792296,0.0,0.022236703453094638,0.0,0.0,0.024726091419648766,0.05587094139303588,0.0,0.0,0.0,0.02793547069651794,0.0,0.0,0.0,0.05587094139303588,0.02793547069651794,0.02020272538447821,0.0741782742589463,0.024726091419648766,0.05587094139303588,0.0,0.0,0.09890436567859506,0.07393208572382252,0.02793547069651794,0.04682420932269477,0.0,0.0,0.0,0.0,0.0,0.0,0.0,0.0,0.022236703453094638,0.02020272538447821,0.0,0.07023631398404216,0.0,0.08469369489771353,0.15729460045797214,0.0,0.0,0.0,0.04945218283929753,0.0,0.11895342275326329,0.033986692215218085,0.1293811500166894,0.0,0.02793547069651794,0.02793547069651794,0.04945218283929753,0.0741782742589463,0.0,0.0741782742589463,0.04682420932269477,0.022236703453094638,0.07864730022898607,0.02793547069651794,0.0,0.023412104661347386,0.052431533485990715,0.0,0.022236703453094638,0.0,0.0,0.011577024160787082,0.0,0.02793547069651794,0.022236703453094638,0.015076185790302487,0.0,0.1616218030758257,0.0,0.02793547069651794,0.0,0.0,0.1270405423465703,0.051779099385387294,0.0,0.0,0.0,0.02793547069651794,0.081585091159764,0.0,0.0,0.024726091419648766,0.0,0.05314001225377225,0.048951054695858406,0.022236703453094638,0.02793547069651794,0.0,0.03861953894565362,0.08380641208955382,0.0,0.06271743739723062,0.0,0.026215766742995358,0.0,0.0,0.0,0.026215766742995358,0.0,0.15729460045797214,0.0,0.0,0.0,0.024726091419648766,0.0,0.06030474316120995,0.0,0.0,0.0,0.026215766742995358,0.0,0.026215766742995358,0.05587094139303588,0.02793547069651794,0.0,0.06060817615343463,0.02793547069651794,0.0,0.0,0.02793547069651794,0.012944774846346823,0.01930976947282681,0.18483021430955632,0.021173423724428382,0.0,0.0,0.0,0.15294011496848137,0.0,0.0,0.08380641208955382,0.02793547069651794,0.3599482033152825,0.32143918845543396,0.0,0.0,0.0,0.0,0.13516838630978767,0.0,0.0,0.081585091159764,0.0,0.0,0.026215766742995358,0.023412104661347386,0.0,0.06671011035928391,0.0,0.024726091419648766,0.1293811500166894,0.022236703453094638,0.0,0.0,0.0,0.0,0.0,0.0,0.0,0.0,0.05587094139303588,0.044473406906189276,0.0,0.08380641208955382,0.0,0.0,0.0,0.0,0.0,0.0741782742589463,0.01930976947282681,0.0,0.0,0.023412104661347386,0.0
0.0,0.00939354900899011,0.0,0.0,0.009890078941056629,0.0,0.0,0.0,0.0,0.0,0.028180647026970332,0.0,0.0,0.0,0.0,0.020890304360192076,0.0,0.0,0.0,0.011074442316867276,0.0,0.0,0.0,0.04489634090746267,0.0,0.0,0.0,0.01878709801798022,0.03577753219816444,0.0,0.0,0.0,0.02214888463373455,0.0,0.0,0.0,0.0,0.0,0.0,0.0,0.0,0.0,0.0,0.019780157882113257,0.0,0.0,0.0,0.03322332695060183,0.03322332695060183,0.0,0.011800904465469627,0.019780157882113257,0.02214888463373455,0.03577753219816444,0.019780157882113257,0.0,0.0,0.0,0.0,0.0,0.0,0.0,0.0,0.0,0.010445152180096038,0.0,0.0,0.0,0.03322332695060183,0.03540271339640888,0.07341400205750859,0.0,0.0071785743703094524,0.0,0.0,0.023601808930939255,0.0,0.0068928701939002055,0.011074442316867276,0.12235667009584764,0.02214888463373455,0.8564966906709334,0.04894266803833905,0.0,0.0,0.0,0.0,0.0,0.0,0.0,0.0,0.0,0.023601808930939255,0.011074442316867276,0.02214888463373455,0.04178060872038415,0.0,0.011074442316867276,0.07311606526067227,0.019780157882113257,0.0,0.05537221158433638,0.0,0.011074442316867276,0.011074442316867276,0.009890078941056629,0.0442977692674691,0.0,0.044721915247705545,0.0,0.0,0.0,0.0,0.0,0.0,0.00853432665568304,0.0,0.0,0.0,0.02214888463373455,0.05537221158433638,0.00939354900899011,0.0,0.0,0.03540271339640888,0.03133545654028811,0.0,0.0,0.039560315764226514,0.03413730662273216,0.020890304360192076,0.0,0.0,0.0,0.0,0.0,0.0,0.0442977692674691,0.0,0.0,0.02214888463373455,0.011800904465469627,0.0,0.03133545654028811,0.0,0.05298800905016032,0.00853432665568304,0.01878709801798022,0.023601808930939255,0.011074442316867276,0.010445152180096038,0.0,0.019780157882113257,0.014965446969154222,0.0,0.011800904465469627,0.03757419603596044,0.019780157882113257,0.0,0.0,0.0,0.00853432665568304,0.0,0.0,0.0,0.03757419603596044,0.0,0.0,0.031231458028322757,0.011800904465469627,0.10879086835162291,0.0,0.0,0.0,0.03322332695060183,0.011800904465469627,0.0,0.0,0.0,0.00939354900899011,0.13654922649092863,0.011074442316867276,0.0,0.04720361786187851,0.00894438304954111,0.0,0.0,0.0,0.023601808930939255,0.020890304360192076,0.019780157882113257,0.0071785743703094524,0.0071785743703094524,0.007807864507080689,0.0,0.0,0.0,0.020890304360192076,0.0,0.0,0.0,0.0,0.0,0.0,0.0,0.00939354900899011,0.019780157882113257,0.0,0.0,0.0,0.0,0.011800904465469627,0.004890533529936589,0.0,0.0,0.0,0.02547479942583628,0.0,0.0,0.011074442316867276,0.0,0.010445152180096038,0.0,0.0,0.027341592513025766,0.0,0.0,0.0,0.0,0.034464350969501026,0.0,0.03540271339640888,0.0,0.011074442316867276,0.0,0.013785740387800411,0.0,0.0,0.0,0.008157111339723177,0.011800904465469627,0.0,0.10597601810032065,0.02214888463373455,0.0,0.0,0.2325632886542128,0.0,0.0,0.0,0.0,0.020890304360192076,0.0,0.17756758706163264,0.0,0.02214888463373455,0.04458089899521349,0.0,0.010445152180096038,0.0,0.011074442316867276,0.0,0.03322332695060183,0.011800904465469627,0.0,0.011074442316867276,0.0,0.011800904465469627,0.0,0.0,0.0,0.0054683185026051535,0.008157111339723177,0.007807864507080689,0.0,0.0,0.0,0.0,0.17946435925773632,0.020890304360192076,0.010445152180096038,0.011800904465469627,0.0,0.0,0.0,0.0,0.0,0.0,0.0,0.024471334019169524,0.0,0.0,0.0068928701939002055,0.04696774504495055,0.0,0.0,0.0,0.0,0.0,0.0,0.0,0.02342359352124207,0.0,0.011800904465469627,0.023601808930939255,0.023601808930939255,0.0,0.011800904465469627,0.011800904465469627,0.011800904465469627,0.03903932253540345,0.0,0.0,0.0,0.0,0.023601808930939255,0.0,0.029670236823169886,0.020890304360192076,0.01788876609908222,0.010445152180096038,0.06525689071778541,0.023601808930939255,0.02683314914862333,0.0,0.0
0.0,0.0,0.0,0.0,0.0,0.026805778638397348,0.0,0.0,0.02856418623919812,0.0,0.02273716257300033,0.0,0.0,0.0,0.025282576690799106,0.025282576690799106,0.08569255871759436,0.0,0.0,0.053611557276794695,0.0,0.0,0.0,0.07244797475152723,0.0,0.0,0.0,0.02273716257300033,0.04329990535376335,0.0,0.025282576690799106,0.0718170520622388,0.0,0.0,0.0,0.0,0.0,0.0,0.0,0.0,0.0,0.0,0.0,0.0,0.0,0.0,0.0,0.053611557276794695,0.0,0.02273716257300033,0.0,0.023939017354079602,0.0,0.0,0.0,0.0,0.0,0.0,0.0,0.025282576690799106,0.0,0.0,0.0,0.0,0.025282576690799106,0.0,0.0,0.023939017354079602,0.0,0.0,0.0,0.023939017354079602,0.034751596514563166,0.0,0.0,0.02856418623919812,0.02856418623919812,0.01668424895034923,0.0,0.03948871006684405,0.0,0.03948871006684405,0.0,0.06821148771900098,0.0,0.0,0.20657407805680592,0.023939017354079602,0.0,0.0,0.0,0.0,0.0,0.0,0.0,0.0,0.0,0.0,0.0,0.0,0.0,0.026805778638397348,0.0,0.0,0.0,0.047878034708159205,0.0,0.0,0.0,0.02856418623919812,0.0,0.0,0.0,0.0,0.0,0.02065740780568059,0.08569255871759436,0.0,0.0,0.053611557276794695,0.026805778638397348,0.0,0.36379460116800527,0.0,0.0,0.0,0.0,0.0,0.0,0.0,0.0,0.08569255871759436,0.0,0.05712837247839624,0.05712837247839624,0.0,0.0,0.0,0.02856418623919812,0.0,0.053611557276794695,0.0,0.0,0.0,0.0,0.0,0.02065740780568059,0.0,0.0,0.0,0.025282576690799106,0.02856418623919812,0.047878034708159205,0.036223987375763614,0.026805778638397348,0.0,0.02273716257300033,0.023939017354079602,0.0,0.0,0.0,0.02065740780568059,0.0,0.0,0.0,0.0,0.0,0.0,0.0,0.0,0.0,0.0,0.03206447784112414,0.08569255871759436,0.053611557276794695,0.0,0.05712837247839624,0.02856418623919812,0.0,0.0,0.0,0.08041733591519204,0.0,0.0,0.0,0.0,0.025282576690799106,0.02856418623919812,0.0,0.0,0.023939017354079602,0.0,0.017375798257281583,0.03779800040975964,0.07584773007239733,0.0,0.02856418623919812,0.0,0.05056515338159821,0.08569255871759436,0.07584773007239733,0.047878034708159205,0.0,0.0,0.0,0.0,0.0,0.026805778638397348,0.023939017354079602,0.0,0.0,0.0,0.011837576599904497,0.026805778638397348,0.0,0.0,0.01541549034091021,0.11368581286500164,0.3718333405022506,0.0,0.0,0.025282576690799106,0.026805778638397348,0.0,0.6485693838514671,0.0,0.0,0.0,0.0,0.01668424895034923,0.0,0.0,0.0,0.0,0.0,0.050052746851047686,0.0,0.0,0.0,0.05923306510026607,0.0,0.0,0.0,0.0,0.0,0.10722311455358939,0.0,0.0,0.0,0.0,0.026805778638397348,0.0,0.0,0.0,0.0,0.026805778638397348,0.01541549034091021,0.0,0.0,0.11425674495679249,0.026805778638397348,0.0,0.10722311455358939,0.0,0.0,0.0,0.0,0.0,0.0,0.13402889319198674,0.0,0.013236109874519737,0.019744355033422024,0.01889900020487982,0.0,0.0,0.0,0.0,0.0,0.0,0.0,0.0,0.0,0.0,0.0,0.11425674495679249,0.0,0.0,0.0,0.0,0.02856418623919812,0.0,0.0,0.0,0.0,0.0,0.0,0.023939017354079602,0.0,0.0,0.0,0.0,0.0,0.0,0.0,0.0,0.0,0.0,0.0,0.0,0.0944950010243991,0.0,0.11368581286500164,0.0,0.0,0.0,0.0,0.0,0.05056515338159821,0.06494985803064503,0.0,0.0,0.08569255871759436,0.0,0.0,0.0
0.038622350112344515,0.1638009970353575,0.04115590210926556,0.03449185797089131,0.0,0.0,0.0,0.0,0.0,0.0,0.0,0.08231180421853113,0.0,0.0,0.0,0.0,0.0,0.0,0.0,0.0,0.0,0.0,0.04115590210926556,0.026096155268697248,0.04115590210926556,0.0,0.0,0.0,0.0,0.0,0.0,0.0,0.0,0.0,0.0,0.0,0.0,0.0,0.03449185797089131,0.038622350112344515,0.0,0.0,0.0,0.0,0.08231180421853113,0.0,0.0,0.0,0.0,0.0327601994070715,0.04115590210926556,0.0,0.038622350112344515,0.0,0.03449185797089131,0.07828846580609175,0.07724470022468903,0.0,0.0,0.0,0.0,0.0,0.0,0.12346770632779668,0.07285537509404909,0.0,0.0,0.03449185797089131,0.0,0.0,0.0,0.03449185797089131,0.02503542884640929,0.03449185797089131,0.0,0.0,0.0,0.0,0.0,0.14224048536887596,0.038622350112344515,0.02844809707377519,0.0,0.0,0.031193723692266046,0.026096155268697248,0.029763643408650297,0.0,0.0,0.3476011510111006,0.08231180421853113,0.0,0.0,0.07724470022468903,0.0,0.18213843773512273,0.0,0.15448940044937806,0.0,0.0,0.0,0.0,0.07724470022468903,0.0,0.0,0.0,0.0,0.0,0.0,0.04115590210926556,0.0,0.0,0.0,0.0,0.0,0.0,0.0,0.036427687547024544,0.038622350112344515,0.0,0.0,0.0,0.065520398814143,0.038622350112344515,0.0,0.0,0.0,0.0,0.0,0.029763643408650297,0.0,0.0,0.0,0.0,0.0,0.0,0.04115590210926556,0.0,0.0,0.038622350112344515,0.0,0.0,0.20577951054632782,0.0,0.0,0.18479679416220834,0.0,0.0,0.0,0.0,0.0,0.04115590210926556,0.0,0.0,0.0,0.0,0.0,0.0,0.0,0.0,0.0,0.0,0.0,0.0,0.0,0.0,0.0,0.0,0.027230091411729253,0.0,0.0,0.0,0.0,0.0,0.0,0.0,0.12346770632779668,0.0,0.04115590210926556,0.0,0.029763643408650297,0.038622350112344515,0.0,0.04115590210926556,0.031193723692266046,0.0,0.0,0.0,0.0,0.0,0.0,0.07510628653922788,0.0,0.054460182823458506,0.0,0.04115590210926556,0.0,0.0,0.0,0.0,0.0,0.03449185797089131,0.0,0.0,0.0,0.0,0.0,0.038622350112344515,0.0,0.0,0.0,0.0,0.01705583837315993,0.0,0.0,0.0,0.0,0.0327601994070715,0.3571637209038035,0.038622350112344515,0.0,0.0,0.0,0.031193723692266046,0.05721262679162291,0.12346770632779668,0.0,0.0,0.0,0.0,0.04115590210926556,0.0,0.0,0.0,0.052192310537394496,0.0,0.0327601994070715,0.0,0.0,0.0,0.0,0.0,0.3233943897838646,0.038622350112344515,0.0,0.0,0.0,0.0,0.0,0.3476011510111006,0.0,0.0,0.07724470022468903,0.07285537509404909,0.0,0.0,0.022210974474259692,0.038622350112344515,0.036427687547024544,0.0,0.0,0.0,0.0,0.0,0.12346770632779668,0.0,0.0,0.04115590210926556,0.0,0.0,0.0,0.0,0.0,0.054460182823458506,0.0,0.0,0.0,0.0,0.0,0.0,0.0,0.0,0.12346770632779668,0.031193723692266046,0.036427687547024544,0.0,0.0,0.0,0.0,0.0,0.0,0.0,0.0,0.0,0.0,0.0,0.10347557391267394,0.0,0.065520398814143,0.038622350112344515,0.036427687547024544,0.10892036564691701,0.0327601994070715,0.04115590210926556,0.0,0.0,0.0,0.04115590210926556,0.0,0.0,0.027230091411729253,0.0,0.0,0.036427687547024544,0.0,0.0,0.0,0.0,0.29142150037619635,0.0,0.0,0.02844809707377519,0.0,0.0,0.0,0.0
